Final_Liquid Inlet-SIM,Final_Gas Inlet-SIM,Gas Outlet_16-SIM
0.00223,0,0.001889815
0.002330533,0,0.001973686
0.002431893,0,0.002058132
0.002534091,0,0.00214316
0.002637137,0,0.002228776
0.002741042,0,0.002314985
0.002845816,0,0.002401795
0.002951471,0,0.002489211
0.003058017,0,0.00257724
0.003165466,0,0.002665888
0.00327383,0,0.002755161
0.00338312,0,0.002845066
0.003493348,0,0.00293561
0.003604526,0,0.0030268
0.003716667,0,0.003118642
0.003829783,0,0.003211143
0.003943886,0,0.003304311
0.004058991,0,0.003398153
0.00417511,0,0.003492675
0.004292257,0,0.003587886
0.004410444,0,0.003683792
0.004529688,0,0.003780402
0.00465,0,0.003877723
0.004771396,0,0.003975763
0.004893891,0,0.004074529
0.0050175,0,0.004174031
0.005142237,0,0.004274275
0.005268119,0,0.004375271
0.005395161,0,0.004477027
0.00552338,0,0.00457955
0.005652791,0,0.004682851
0.005783411,0,0.004786937
0.005915258,0,0.004891818
0.006048349,0,0.004997503
0.006182701,0,0.005104
0.006318333,0,0.00521132
0.006455263,0,0.005319471
0.00659351,0,0.005428464
0.006733092,0,0.005538308
0.006874029,0,0.005649013
0.007016341,0,0.005760588
0.007160049,0,0.005873045
0.007305172,0,0.005986394
0.007451733,0,0.006100645
0.007599751,0,0.006215809
0.00774925,0,0.006331897
0.007900251,0,0.00644892
0.008052778,0,0.006566889
0.008206853,0,0.006685816
0.0083625,0,0.006805712
0.00223,0.001457726,0.001642396
0.002330533,0.001457726,0.001724699
0.002431893,0.001457726,0.001807579
0.002534091,0.001457726,0.001891041
0.002637137,0.001457726,0.001975088
0.002741042,0.001457726,0.002059726
0.002845816,0.001457726,0.002144958
0.002951471,0.001457726,0.002230791
0.003058017,0.001457726,0.00231723
0.003165466,0.001457726,0.002404279
0.00327383,0.001457726,0.002491945
0.00338312,0.001457726,0.002580234
0.003493348,0.001457726,0.002669152
0.003604526,0.001457726,0.002758704
0.003716667,0.001457726,0.002848897
0.003829783,0.001457726,0.002939738
0.003943886,0.001457726,0.003031233
0.004058991,0.001457726,0.003123388
0.00417511,0.001457726,0.003216211
0.004292257,0.001457726,0.003309709
0.004410444,0.001457726,0.003403887
0.004529688,0.001457726,0.003498755
0.00465,0.001457726,0.003594318
0.004771396,0.001457726,0.003690585
0.004893891,0.001457726,0.003787563
0.0050175,0.001457726,0.003885259
0.005142237,0.001457726,0.003983682
0.005268119,0.001457726,0.004082839
0.005395161,0.001457726,0.004182738
0.00552338,0.001457726,0.004283388
0.005652791,0.001457726,0.004384796
0.005783411,0.001457726,0.004486972
0.005915258,0.001457726,0.004589924
0.006048349,0.001457726,0.00469366
0.006182701,0.001457726,0.004798189
0.006318333,0.001457726,0.004903521
0.006455263,0.001457726,0.005009664
0.00659351,0.001457726,0.005116628
0.006733092,0.001457726,0.005224422
0.006874029,0.001457726,0.005333055
0.007016341,0.001457726,0.005442538
0.007160049,0.001457726,0.00555288
0.007305172,0.001457726,0.005664092
0.007451733,0.001457726,0.005776182
0.007599751,0.001457726,0.005889163
0.00774925,0.001457726,0.006003043
0.007900251,0.001457726,0.006117835
0.008052778,0.001457726,0.006233548
0.008206853,0.001457726,0.006350194
0.0083625,0.001457726,0.006467783
0.00223,0.002915452,0.001410855
0.002330533,0.002915452,0.001491109
0.002431893,0.002915452,0.001571993
0.002534091,0.002915452,0.001653504
0.002637137,0.002915452,0.001735637
0.002741042,0.002915452,0.001818391
0.002845816,0.002915452,0.001901766
0.002951471,0.002915452,0.001985761
0.003058017,0.002915452,0.002070379
0.003165466,0.002915452,0.002155621
0.00327383,0.002915452,0.00224149
0.00338312,0.002915452,0.002327989
0.003493348,0.002915452,0.002415122
0.003604526,0.002915452,0.002502894
0.003716667,0.002915452,0.002591307
0.003829783,0.002915452,0.002680368
0.003943886,0.002915452,0.002770081
0.004058991,0.002915452,0.002860452
0.00417511,0.002915452,0.002951486
0.004292257,0.002915452,0.003043189
0.004410444,0.002915452,0.003135566
0.004529688,0.002915452,0.003228626
0.00465,0.002915452,0.003322372
0.004771396,0.002915452,0.003416813
0.004893891,0.002915452,0.003511955
0.0050175,0.002915452,0.003607805
0.005142237,0.002915452,0.00370437
0.005268119,0.002915452,0.003801657
0.005395161,0.002915452,0.003899674
0.00552338,0.002915452,0.003998428
0.005652791,0.002915452,0.004097927
0.005783411,0.002915452,0.004198179
0.005915258,0.002915452,0.004299192
0.006048349,0.002915452,0.004400974
0.006182701,0.002915452,0.004503533
0.006318333,0.002915452,0.004606878
0.006455263,0.002915452,0.004711017
0.00659351,0.002915452,0.00481596
0.006733092,0.002915452,0.004921714
0.006874029,0.002915452,0.00502829
0.007016341,0.002915452,0.005135697
0.007160049,0.002915452,0.005243943
0.007305172,0.002915452,0.005353039
0.007451733,0.002915452,0.005462994
0.007599751,0.002915452,0.005573817
0.00774925,0.002915452,0.00568552
0.007900251,0.002915452,0.005798113
0.008052778,0.002915452,0.005911604
0.008206853,0.002915452,0.006026006
0.0083625,0.002915452,0.006141329
0.00223,0.004373178,0.001198693
0.002330533,0.004373178,0.001276041
0.002431893,0.004373178,0.001354177
0.002534091,0.004373178,0.00143307
0.002637137,0.004373178,0.001512698
0.002741042,0.004373178,0.001593041
0.002845816,0.004373178,0.001674086
0.002951471,0.004373178,0.00175582
0.003058017,0.004373178,0.001838235
0.003165466,0.004373178,0.001921326
0.00327383,0.004373178,0.002005086
0.00338312,0.004373178,0.002089513
0.003493348,0.004373178,0.002174605
0.003604526,0.004373178,0.002260362
0.003716667,0.004373178,0.002346784
0.003829783,0.004373178,0.002433871
0.003943886,0.004373178,0.002521626
0.004058991,0.004373178,0.002610051
0.00417511,0.004373178,0.002699149
0.004292257,0.004373178,0.002788923
0.004410444,0.004373178,0.002879378
0.004529688,0.004373178,0.002970518
0.00465,0.004373178,0.003062347
0.004771396,0.004373178,0.00315487
0.004893891,0.004373178,0.003248093
0.0050175,0.004373178,0.003342021
0.005142237,0.004373178,0.00343666
0.005268119,0.004373178,0.003532017
0.005395161,0.004373178,0.003628097
0.00552338,0.004373178,0.003724907
0.005652791,0.004373178,0.003822454
0.005783411,0.004373178,0.003920745
0.005915258,0.004373178,0.004019787
0.006048349,0.004373178,0.004119588
0.006182701,0.004373178,0.004220154
0.006318333,0.004373178,0.004321494
0.006455263,0.004373178,0.004423616
0.00659351,0.004373178,0.004526528
0.006733092,0.004373178,0.004630237
0.006874029,0.004373178,0.004734753
0.007016341,0.004373178,0.004840085
0.007160049,0.004373178,0.00494624
0.007305172,0.004373178,0.005053228
0.007451733,0.004373178,0.005161058
0.007599751,0.004373178,0.005269739
0.00774925,0.004373178,0.005379282
0.007900251,0.004373178,0.005489695
0.008052778,0.004373178,0.005600988
0.008206853,0.004373178,0.005713171
0.0083625,0.004373178,0.005826256
0.00223,0.005830904,0.001010564
0.002330533,0.005830904,0.001083651
0.002431893,0.005830904,0.001157848
0.002534091,0.005830904,0.001233078
0.002637137,0.005830904,0.001309274
0.002741042,0.005830904,0.001386385
0.002845816,0.005830904,0.001464369
0.002951471,0.005830904,0.001543189
0.003058017,0.005830904,0.001622817
0.003165466,0.005830904,0.001703229
0.00327383,0.005830904,0.001784407
0.00338312,0.005830904,0.001866334
0.003493348,0.005830904,0.001948999
0.003604526,0.005830904,0.00203239
0.003716667,0.005830904,0.0021165
0.003829783,0.005830904,0.002201324
0.003943886,0.005830904,0.002286856
0.004058991,0.005830904,0.002373094
0.00417511,0.005830904,0.002460036
0.004292257,0.005830904,0.002547681
0.004410444,0.005830904,0.002636029
0.004529688,0.005830904,0.00272508
0.00465,0.005830904,0.002814837
0.004771396,0.005830904,0.002905302
0.004893891,0.005830904,0.002996478
0.0050175,0.005830904,0.003088367
0.005142237,0.005830904,0.003180974
0.005268119,0.005830904,0.003274302
0.005395161,0.005830904,0.003368357
0.00552338,0.005830904,0.003463143
0.005652791,0.005830904,0.003558666
0.005783411,0.005830904,0.003654931
0.005915258,0.005830904,0.003751944
0.006048349,0.005830904,0.003849711
0.006182701,0.005830904,0.003948239
0.006318333,0.005830904,0.004047534
0.006455263,0.005830904,0.004147603
0.00659351,0.005830904,0.004248454
0.006733092,0.005830904,0.004350093
0.006874029,0.005830904,0.004452529
0.007016341,0.005830904,0.004555769
0.007160049,0.005830904,0.004659821
0.007305172,0.005830904,0.004764693
0.007451733,0.005830904,0.004870394
0.007599751,0.005830904,0.004976933
0.00774925,0.005830904,0.005084318
0.007900251,0.005830904,0.005192558
0.008052778,0.005830904,0.005301662
0.008206853,0.005830904,0.00541164
0.0083625,0.005830904,0.005522502
0.00223,0.00728863,0.000851613
0.002330533,0.00728863,0.000918661
0.002431893,0.00728863,0.000987325
0.002534091,0.00728863,0.001057461
0.002637137,0.00728863,0.001128949
0.002741042,0.00728863,0.001201685
0.002845816,0.00728863,0.001275584
0.002951471,0.00728863,0.001350572
0.003058017,0.00728863,0.001426589
0.003165466,0.00728863,0.001503582
0.00327383,0.00728863,0.001581509
0.00338312,0.00728863,0.001660333
0.003493348,0.00728863,0.001740023
0.003604526,0.00728863,0.001820554
0.003716667,0.00728863,0.001901904
0.003829783,0.00728863,0.001984055
0.003943886,0.00728863,0.002066992
0.004058991,0.00728863,0.002150703
0.00417511,0.00728863,0.002235179
0.004292257,0.00728863,0.00232041
0.004410444,0.00728863,0.002406391
0.004529688,0.00728863,0.002493117
0.00465,0.00728863,0.002580585
0.004771396,0.00728863,0.002668792
0.004893891,0.00728863,0.002757737
0.0050175,0.00728863,0.002847419
0.005142237,0.00728863,0.00293784
0.005268119,0.00728863,0.003028999
0.005395161,0.00728863,0.0031209
0.00552338,0.00728863,0.003213544
0.005652791,0.00728863,0.003306935
0.005783411,0.00728863,0.003401075
0.005915258,0.00728863,0.00349597
0.006048349,0.00728863,0.003591622
0.006182701,0.00728863,0.003688038
0.006318333,0.00728863,0.003785222
0.006455263,0.00728863,0.003883179
0.00659351,0.00728863,0.003981916
0.006733092,0.00728863,0.004081438
0.006874029,0.00728863,0.004181752
0.007016341,0.00728863,0.004282865
0.007160049,0.00728863,0.004384783
0.007305172,0.00728863,0.004487514
0.007451733,0.00728863,0.004591065
0.007599751,0.00728863,0.004695444
0.00774925,0.00728863,0.004800659
0.007900251,0.00728863,0.004906718
0.008052778,0.00728863,0.005013629
0.008206853,0.00728863,0.0051214
0.0083625,0.00728863,0.005230042
0.00223,0.008746356,0.000725555
0.002330533,0.008746356,0.000784882
0.002431893,0.008746356,0.000846385
0.002534091,0.008746356,0.000909886
0.002637137,0.008746356,0.000975222
0.002741042,0.008746356,0.001042247
0.002845816,0.008746356,0.001110831
0.002951471,0.008746356,0.001180861
0.003058017,0.008746356,0.001252237
0.003165466,0.008746356,0.001324873
0.00327383,0.008746356,0.001398694
0.00338312,0.008746356,0.001473635
0.003493348,0.008746356,0.001549642
0.003604526,0.008746356,0.001626665
0.003716667,0.008746356,0.001704665
0.003829783,0.008746356,0.001783605
0.003943886,0.008746356,0.001863456
0.004058991,0.008746356,0.001944191
0.00417511,0.008746356,0.002025788
0.004292257,0.008746356,0.002108229
0.004410444,0.008746356,0.002191499
0.004529688,0.008746356,0.002275582
0.00465,0.008746356,0.00236047
0.004771396,0.008746356,0.002446151
0.004893891,0.008746356,0.00253262
0.0050175,0.008746356,0.00261987
0.005142237,0.008746356,0.002707896
0.005268119,0.008746356,0.002796696
0.005395161,0.008746356,0.002886267
0.00552338,0.008746356,0.002976607
0.005652791,0.008746356,0.003067717
0.005783411,0.008746356,0.003159597
0.005915258,0.008746356,0.003252248
0.006048349,0.008746356,0.003345672
0.006182701,0.008746356,0.003439871
0.006318333,0.008746356,0.003534848
0.006455263,0.008746356,0.003630606
0.00659351,0.008746356,0.00372715
0.006733092,0.008746356,0.003824483
0.006874029,0.008746356,0.003922611
0.007016341,0.008746356,0.004021539
0.007160049,0.008746356,0.004121271
0.007305172,0.008746356,0.004221815
0.007451733,0.008746356,0.004323176
0.007599751,0.008746356,0.00442536
0.00774925,0.008746356,0.004528375
0.007900251,0.008746356,0.004632227
0.008052778,0.008746356,0.004736924
0.008206853,0.008746356,0.004842474
0.0083625,0.008746356,0.004948883
0.00223,0.010204082,0.000632267
0.002330533,0.010204082,0.000683088
0.002431893,0.010204082,0.000736456
0.002534091,0.010204082,0.00079223
0.002637137,0.010204082,0.000850262
0.002741042,0.010204082,0.000910405
0.002845816,0.010204082,0.000972518
0.002951471,0.010204082,0.001036469
0.003058017,0.010204082,0.001102134
0.003165466,0.010204082,0.0011694
0.00327383,0.010204082,0.001238165
0.00338312,0.010204082,0.001308339
0.003493348,0.010204082,0.001379838
0.003604526,0.010204082,0.001452592
0.003716667,0.010204082,0.001526537
0.003829783,0.010204082,0.001601616
0.003943886,0.010204082,0.00167778
0.004058991,0.010204082,0.001754986
0.00417511,0.010204082,0.001833196
0.004292257,0.010204082,0.001912377
0.004410444,0.010204082,0.001992502
0.004529688,0.010204082,0.002073545
0.00465,0.010204082,0.002155484
0.004771396,0.010204082,0.002238302
0.004893891,0.010204082,0.002321981
0.0050175,0.010204082,0.00240651
0.005142237,0.010204082,0.002491877
0.005268119,0.010204082,0.002578071
0.005395161,0.010204082,0.002665085
0.00552338,0.010204082,0.002752913
0.005652791,0.010204082,0.00284155
0.005783411,0.010204082,0.002930991
0.005915258,0.010204082,0.003021234
0.006048349,0.010204082,0.003112277
0.006182701,0.010204082,0.00320412
0.006318333,0.010204082,0.003296761
0.006455263,0.010204082,0.003390203
0.00659351,0.010204082,0.003484446
0.006733092,0.010204082,0.003579491
0.006874029,0.010204082,0.003675342
0.007016341,0.010204082,0.003772002
0.007160049,0.010204082,0.003869475
0.007305172,0.010204082,0.003967763
0.007451733,0.010204082,0.004066873
0.007599751,0.010204082,0.004166808
0.00774925,0.010204082,0.004267574
0.007900251,0.010204082,0.004369177
0.008052778,0.010204082,0.004471622
0.008206853,0.010204082,0.004574917
0.0083625,0.010204082,0.004679067
0.00223,0.011661808,0.000567324
0.002330533,0.011661808,0.000610079
0.002431893,0.011661808,0.000655429
0.002534091,0.011661808,0.000703314
0.002637137,0.011661808,0.000753655
0.002741042,0.011661808,0.000806357
0.002845816,0.011661808,0.000861313
0.002951471,0.011661808,0.000918414
0.003058017,0.011661808,0.000977547
0.003165466,0.011661808,0.001038598
0.00327383,0.011661808,0.001101462
0.00338312,0.011661808,0.001166034
0.003493348,0.011661808,0.001232218
0.003604526,0.011661808,0.001299926
0.003716667,0.011661808,0.001369077
0.003829783,0.011661808,0.001439595
0.003943886,0.011661808,0.001511414
0.004058991,0.011661808,0.001584473
0.00417511,0.011661808,0.001658718
0.004292257,0.011661808,0.001734101
0.004410444,0.011661808,0.001810578
0.004529688,0.011661808,0.001888112
0.00465,0.011661808,0.001966669
0.004771396,0.011661808,0.002046219
0.004893891,0.011661808,0.002126735
0.0050175,0.011661808,0.002208194
0.005142237,0.011661808,0.002290578
0.005268119,0.011661808,0.002373867
0.005395161,0.011661808,0.002458047
0.00552338,0.011661808,0.002543104
0.005652791,0.011661808,0.002629028
0.005783411,0.011661808,0.00271581
0.005915258,0.011661808,0.00280344
0.006048349,0.011661808,0.002891913
0.006182701,0.011661808,0.002981223
0.006318333,0.011661808,0.003071367
0.006455263,0.011661808,0.003162341
0.00659351,0.011661808,0.003254144
0.006733092,0.011661808,0.003346774
0.006874029,0.011661808,0.00344023
0.007016341,0.011661808,0.003534514
0.007160049,0.011661808,0.003629626
0.007305172,0.011661808,0.003725569
0.007451733,0.011661808,0.003822343
0.007599751,0.011661808,0.003919953
0.00774925,0.011661808,0.004018402
0.007900251,0.011661808,0.004117693
0.008052778,0.011661808,0.004217831
0.008206853,0.011661808,0.004318821
0.0083625,0.011661808,0.004420667
0.00223,0.013119534,0.000524168
0.002330533,0.013119534,0.000560094
0.002431893,0.013119534,0.000598409
0.002534091,0.013119534,0.00063913
0.002637137,0.013119534,0.00068225
0.002741042,0.013119534,0.000727745
0.002845816,0.013119534,0.00077557
0.002951471,0.013119534,0.000825667
0.003058017,0.013119534,0.000877965
0.003165466,0.013119534,0.000932385
0.00327383,0.013119534,0.000988841
0.00338312,0.013119534,0.001047246
0.003493348,0.013119534,0.001107509
0.003604526,0.013119534,0.001169543
0.003716667,0.013119534,0.001233263
0.003829783,0.013119534,0.001298588
0.003943886,0.013119534,0.00136544
0.004058991,0.013119534,0.001433749
0.00417511,0.013119534,0.001503448
0.004292257,0.013119534,0.001574477
0.004410444,0.013119534,0.001646778
0.004529688,0.013119534,0.001720302
0.00465,0.013119534,0.001795002
0.004771396,0.013119534,0.001870838
0.004893891,0.013119534,0.001947771
0.0050175,0.013119534,0.002025769
0.005142237,0.013119534,0.002104801
0.005268119,0.013119534,0.00218484
0.005395161,0.013119534,0.002265864
0.00552338,0.013119534,0.00234785
0.005652791,0.013119534,0.002430781
0.005783411,0.013119534,0.002514641
0.005915258,0.013119534,0.002599414
0.006048349,0.013119534,0.00268509
0.006182701,0.013119534,0.002771657
0.006318333,0.013119534,0.002859106
0.006455263,0.013119534,0.00294743
0.00659351,0.013119534,0.003036623
0.006733092,0.013119534,0.003126679
0.006874029,0.013119534,0.003217595
0.007016341,0.013119534,0.003309368
0.007160049,0.013119534,0.003401995
0.007305172,0.013119534,0.003495475
0.007451733,0.013119534,0.003589808
0.007599751,0.013119534,0.003684995
0.00774925,0.013119534,0.003781036
0.007900251,0.013119534,0.003877933
0.008052778,0.013119534,0.003975688
0.008206853,0.013119534,0.004074305
0.0083625,0.013119534,0.004173786
0.00223,0.014577259,0.000496591
0.002330533,0.014577259,0.000527097
0.002431893,0.014577259,0.000559682
0.002534091,0.014577259,0.000594405
0.002637137,0.014577259,0.000631309
0.002741042,0.014577259,0.000670421
0.002845816,0.014577259,0.000711753
0.002951471,0.014577259,0.000755302
0.003058017,0.014577259,0.000801047
0.003165466,0.014577259,0.000848957
0.00327383,0.014577259,0.000898987
0.00338312,0.014577259,0.000951082
0.003493348,0.014577259,0.001005183
0.003604526,0.014577259,0.001061221
0.003716667,0.014577259,0.001119127
0.003829783,0.014577259,0.001178829
0.003943886,0.014577259,0.001240255
0.004058991,0.014577259,0.001303334
0.00417511,0.014577259,0.001367998
0.004292257,0.014577259,0.001434181
0.004410444,0.014577259,0.001501822
0.004529688,0.014577259,0.001570861
0.00465,0.014577259,0.001641243
0.004771396,0.014577259,0.00171292
0.004893891,0.014577259,0.001785843
0.0050175,0.014577259,0.00185997
0.005142237,0.014577259,0.001935262
0.005268119,0.014577259,0.002011683
0.005395161,0.014577259,0.002089201
0.00552338,0.014577259,0.002167786
0.005652791,0.014577259,0.002247414
0.005783411,0.014577259,0.002328059
0.005915258,0.014577259,0.002409701
0.006048349,0.014577259,0.002492321
0.006182701,0.014577259,0.002575903
0.006318333,0.014577259,0.002660431
0.006455263,0.014577259,0.002745894
0.00659351,0.014577259,0.002832279
0.006733092,0.014577259,0.002919576
0.006874029,0.014577259,0.003007779
0.007016341,0.014577259,0.003096879
0.007160049,0.014577259,0.003186871
0.007305172,0.014577259,0.00327775
0.007451733,0.014577259,0.003369513
0.007599751,0.014577259,0.003462156
0.00774925,0.014577259,0.003555679
0.007900251,0.014577259,0.003650079
0.008052778,0.014577259,0.003745357
0.008206853,0.014577259,0.003841513
0.0083625,0.014577259,0.003938549
0.00223,0.016034985,0.000479831
0.002330533,0.016034985,0.000506147
0.002431893,0.016034985,0.000534228
0.002534091,0.016034985,0.000564148
0.002637137,0.016034985,0.000595973
0.002741042,0.016034985,0.000629758
0.002845816,0.016034985,0.000665548
0.002951471,0.016034985,0.000703377
0.003058017,0.016034985,0.000743267
0.003165466,0.016034985,0.000785227
0.00327383,0.016034985,0.000829254
0.00338312,0.016034985,0.000875333
0.003493348,0.016034985,0.000923439
0.003604526,0.016034985,0.000973539
0.003716667,0.016034985,0.001025589
0.003829783,0.016034985,0.001079542
0.003943886,0.016034985,0.001135344
0.004058991,0.016034985,0.001192939
0.00417511,0.016034985,0.001252269
0.004292257,0.016034985,0.001313274
0.004410444,0.016034985,0.001375895
0.004529688,0.016034985,0.001440075
0.00465,0.016034985,0.001505758
0.004771396,0.016034985,0.001572889
0.004893891,0.016034985,0.001641418
0.0050175,0.016034985,0.001711296
0.005142237,0.016034985,0.001782478
0.005268119,0.016034985,0.001854921
0.005395161,0.016034985,0.001928586
0.00552338,0.016034985,0.002003437
0.005652791,0.016034985,0.002079441
0.005783411,0.016034985,0.002156566
0.005915258,0.016034985,0.002234786
0.006048349,0.016034985,0.002314075
0.006182701,0.016034985,0.00239441
0.006318333,0.016034985,0.00247577
0.006455263,0.016034985,0.002558137
0.00659351,0.016034985,0.002641494
0.006733092,0.016034985,0.002725826
0.006874029,0.016034985,0.002811121
0.007016341,0.016034985,0.002897366
0.007160049,0.016034985,0.002984552
0.007305172,0.016034985,0.003072669
0.007451733,0.016034985,0.003161711
0.007599751,0.016034985,0.003251671
0.00774925,0.016034985,0.003342545
0.007900251,0.016034985,0.003434327
0.008052778,0.016034985,0.003527015
0.008206853,0.016034985,0.003620606
0.0083625,0.016034985,0.003715099
0.00223,0.017492711,0.000470572
0.002330533,0.017492711,0.000493657
0.002431893,0.017492711,0.000518234
0.002534091,0.017492711,0.000544374
0.002637137,0.017492711,0.000572148
0.002741042,0.017492711,0.000601622
0.002845816,0.017492711,0.000632856
0.002951471,0.017492711,0.000665902
0.003058017,0.017492711,0.000700806
0.003165466,0.017492711,0.000737604
0.00327383,0.017492711,0.000776324
0.00338312,0.017492711,0.000816982
0.003493348,0.017492711,0.000859586
0.003604526,0.017492711,0.000904133
0.003716667,0.017492711,0.000950613
0.003829783,0.017492711,0.000999006
0.003943886,0.017492711,0.001049284
0.004058991,0.017492711,0.001101415
0.00417511,0.017492711,0.001155359
0.004292257,0.017492711,0.001211074
0.004410444,0.017492711,0.001268513
0.004529688,0.017492711,0.00132763
0.00465,0.017492711,0.001388374
0.004771396,0.017492711,0.001450696
0.004893891,0.017492711,0.001514547
0.0050175,0.017492711,0.00157988
0.005142237,0.017492711,0.001646647
0.005268119,0.017492711,0.001714805
0.005395161,0.017492711,0.00178431
0.00552338,0.017492711,0.001855122
0.005652791,0.017492711,0.001927202
0.005783411,0.017492711,0.002000516
0.005915258,0.017492711,0.002075031
0.006048349,0.017492711,0.002150714
0.006182701,0.017492711,0.002227538
0.006318333,0.017492711,0.002305477
0.006455263,0.017492711,0.002384506
0.00659351,0.017492711,0.002464604
0.006733092,0.017492711,0.002545751
0.006874029,0.017492711,0.002627929
0.007016341,0.017492711,0.002711122
0.007160049,0.017492711,0.002795314
0.007305172,0.017492711,0.002880494
0.007451733,0.017492711,0.002966649
0.007599751,0.017492711,0.00305377
0.00774925,0.017492711,0.003141847
0.007900251,0.017492711,0.003230873
0.008052778,0.017492711,0.003320841
0.008206853,0.017492711,0.003411747
0.0083625,0.017492711,0.003503585
0.00223,0.018950437,0.000466585
0.002330533,0.018950437,0.000487157
0.002431893,0.018950437,0.000508992
0.002534091,0.018950437,0.000532158
0.002637137,0.018950437,0.000556722
0.002741042,0.018950437,0.000582747
0.002845816,0.018950437,0.000610297
0.002951471,0.018950437,0.000639431
0.003058017,0.018950437,0.000670205
0.003165466,0.018950437,0.000702667
0.00327383,0.018950437,0.000736862
0.00338312,0.018950437,0.000772827
0.003493348,0.018950437,0.000810592
0.003604526,0.018950437,0.000850179
0.003716667,0.018950437,0.000891601
0.003829783,0.018950437,0.000934866
0.003943886,0.018950437,0.000979972
0.004058991,0.018950437,0.001026908
0.00417511,0.018950437,0.001075661
0.004292257,0.018950437,0.001126209
0.004410444,0.018950437,0.001178523
0.004529688,0.018950437,0.001232574
0.00465,0.018950437,0.001288325
0.004771396,0.018950437,0.00134574
0.004893891,0.018950437,0.001404777
0.0050175,0.018950437,0.001465397
0.005142237,0.018950437,0.001527558
0.005268119,0.018950437,0.001591217
0.005395161,0.018950437,0.001656334
0.00552338,0.018950437,0.001722869
0.005652791,0.018950437,0.001790782
0.005783411,0.018950437,0.001860037
0.005915258,0.018950437,0.001930596
0.006048349,0.018950437,0.002002427
0.006182701,0.018950437,0.002075496
0.006318333,0.018950437,0.002149775
0.006455263,0.018950437,0.002225234
0.00659351,0.018950437,0.002301847
0.006733092,0.018950437,0.002379591
0.006874029,0.018950437,0.002458442
0.007016341,0.018950437,0.00253838
0.007160049,0.018950437,0.002619387
0.007305172,0.018950437,0.002701444
0.007451733,0.018950437,0.002784537
0.007599751,0.018950437,0.002868652
0.00774925,0.018950437,0.002953775
0.007900251,0.018950437,0.003039896
0.008052778,0.018950437,0.003127004
0.008206853,0.018950437,0.003215091
0.0083625,0.018950437,0.003304149
0.00223,0.020408163,0.000466377
0.002330533,0.020408163,0.000484964
0.002431893,0.020408163,0.000504631
0.002534091,0.020408163,0.000525437
0.002637137,0.020408163,0.000547443
0.002741042,0.020408163,0.000570707
0.002845816,0.020408163,0.000595289
0.002951471,0.020408163,0.000621247
0.003058017,0.020408163,0.000648638
0.003165466,0.020408163,0.000677517
0.00327383,0.020408163,0.000707933
0.00338312,0.020408163,0.000739933
0.003493348,0.020408163,0.000773559
0.003604526,0.020408163,0.000808849
0.003716667,0.020408163,0.000845833
0.003829783,0.020408163,0.000884536
0.003943886,0.020408163,0.000924976
0.004058991,0.020408163,0.000967165
0.00417511,0.020408163,0.001011108
0.004292257,0.020408163,0.001056804
0.004410444,0.020408163,0.001104247
0.004529688,0.020408163,0.001153423
0.00465,0.020408163,0.001204315
0.004771396,0.020408163,0.001256901
0.004893891,0.020408163,0.001311154
0.0050175,0.020408163,0.001367047
0.005142237,0.020408163,0.001424548
0.005268119,0.020408163,0.001483622
0.005395161,0.020408163,0.001544237
0.00552338,0.020408163,0.001606356
0.005652791,0.020408163,0.001669944
0.005783411,0.020408163,0.001734965
0.005915258,0.020408163,0.001801386
0.006048349,0.020408163,0.00186917
0.006182701,0.020408163,0.001938287
0.006318333,0.020408163,0.002008703
0.006455263,0.020408163,0.002080389
0.00659351,0.020408163,0.002153316
0.006733092,0.020408163,0.002227457
0.006874029,0.020408163,0.002302785
0.007016341,0.020408163,0.002379277
0.007160049,0.020408163,0.002456911
0.007305172,0.020408163,0.002535666
0.007451733,0.020408163,0.002615523
0.007599751,0.020408163,0.002696463
0.00774925,0.020408163,0.002778471
0.007900251,0.020408163,0.002861532
0.008052778,0.020408163,0.002945633
0.008206853,0.020408163,0.003030762
0.0083625,0.020408163,0.003116907
0.00223,0.021865889,0.000468937
0.002330533,0.021865889,0.00048593
0.002431893,0.021865889,0.000503856
0.002534091,0.021865889,0.000522766
0.002637137,0.021865889,0.000542712
0.002741042,0.021865889,0.000563748
0.002845816,0.021865889,0.000585927
0.002951471,0.021865889,0.000609304
0.003058017,0.021865889,0.000633931
0.003165466,0.021865889,0.000659862
0.00327383,0.021865889,0.000687147
0.00338312,0.021865889,0.000715837
0.003493348,0.021865889,0.000745978
0.003604526,0.021865889,0.000777615
0.003716667,0.021865889,0.000810786
0.003829783,0.021865889,0.000845528
0.003943886,0.021865889,0.000881872
0.004058991,0.021865889,0.000919844
0.00417511,0.021865889,0.000959465
0.004292257,0.021865889,0.001000751
0.004410444,0.021865889,0.001043712
0.004529688,0.021865889,0.001088352
0.00465,0.021865889,0.00113467
0.004771396,0.021865889,0.001182661
0.004893891,0.021865889,0.001232315
0.0050175,0.021865889,0.001283617
0.005142237,0.021865889,0.001336549
0.005268119,0.021865889,0.001391089
0.005395161,0.021865889,0.001447214
0.00552338,0.021865889,0.001504897
0.005652791,0.021865889,0.001564109
0.005783411,0.021865889,0.001624822
0.005915258,0.021865889,0.001687006
0.006048349,0.021865889,0.00175063
0.006182701,0.021865889,0.001815663
0.006318333,0.021865889,0.001882075
0.006455263,0.021865889,0.001949837
0.00659351,0.021865889,0.002018919
0.006733092,0.021865889,0.002089294
0.006874029,0.021865889,0.002160935
0.007016341,0.021865889,0.002233815
0.007160049,0.021865889,0.002307911
0.007305172,0.021865889,0.002383199
0.007451733,0.021865889,0.002459657
0.007599751,0.021865889,0.002537265
0.00774925,0.021865889,0.002616004
0.007900251,0.021865889,0.002695856
0.008052778,0.021865889,0.002776805
0.008206853,0.021865889,0.002858836
0.0083625,0.021865889,0.002941934
0.00223,0.023323615,0.000473565
0.002330533,0.023323615,0.000489257
0.002431893,0.023323615,0.000505763
0.002534091,0.023323615,0.000523128
0.002637137,0.023323615,0.000541396
0.002741042,0.023323615,0.000560615
0.002845816,0.023323615,0.000580831
0.002951471,0.023323615,0.000602094
0.003058017,0.023323615,0.000624451
0.003165466,0.023323615,0.000647953
0.00327383,0.023323615,0.000672647
0.00338312,0.023323615,0.000698583
0.003493348,0.023323615,0.000725807
0.003604526,0.023323615,0.000754364
0.003716667,0.023323615,0.000784298
0.003829783,0.023323615,0.000815651
0.003943886,0.023323615,0.000848459
0.004058991,0.023323615,0.000882758
0.00417511,0.023323615,0.000918578
0.004292257,0.023323615,0.000955947
0.004410444,0.023323615,0.000994887
0.004529688,0.023323615,0.001035415
0.00465,0.023323615,0.001077545
0.004771396,0.023323615,0.001121286
0.004893891,0.023323615,0.001166641
0.0050175,0.023323615,0.00121361
0.005142237,0.023323615,0.00126219
0.005268119,0.023323615,0.00131237
0.005395161,0.023323615,0.00136414
0.00552338,0.023323615,0.001417483
0.005652791,0.023323615,0.001472383
0.005783411,0.023323615,0.001528819
0.005915258,0.023323615,0.001586768
0.006048349,0.023323615,0.001646207
0.006182701,0.023323615,0.001707111
0.006318333,0.023323615,0.001769453
0.006455263,0.023323615,0.001833209
0.00659351,0.023323615,0.00189835
0.006733092,0.023323615,0.001964852
0.006874029,0.023323615,0.002032687
0.007016341,0.023323615,0.002101831
0.007160049,0.023323615,0.002172259
0.007305172,0.023323615,0.002243946
0.007451733,0.023323615,0.002316871
0.007599751,0.023323615,0.00239101
0.00774925,0.023323615,0.002466344
0.007900251,0.023323615,0.002542852
0.008052778,0.023323615,0.002620516
0.008206853,0.023323615,0.002699318
0.0083625,0.023323615,0.002779242
0.00223,0.024781341,0.000479766
0.002330533,0.024781341,0.00049438
0.002431893,0.024781341,0.000509712
0.002534091,0.024781341,0.0005258
0.002637137,0.024781341,0.000542683
0.002741042,0.024781341,0.000560401
0.002845816,0.024781341,0.000578996
0.002951471,0.024781341,0.000598512
0.003058017,0.024781341,0.000618991
0.003165466,0.024781341,0.000640479
0.00327383,0.024781341,0.00066302
0.00338312,0.024781341,0.000686658
0.003493348,0.024781341,0.00071144
0.003604526,0.024781341,0.000737408
0.003716667,0.024781341,0.000764606
0.003829783,0.024781341,0.000793077
0.003943886,0.024781341,0.000822861
0.004058991,0.024781341,0.000853996
0.00417511,0.024781341,0.000886518
0.004292257,0.024781341,0.000920462
0.004410444,0.024781341,0.000955856
0.004529688,0.024781341,0.000992728
0.00465,0.024781341,0.001031101
0.004771396,0.024781341,0.001070994
0.004893891,0.024781341,0.001112423
0.0050175,0.024781341,0.0011554
0.005142237,0.024781341,0.001199931
0.005268119,0.024781341,0.001246021
0.005395161,0.024781341,0.00129367
0.00552338,0.024781341,0.001342874
0.005652791,0.024781341,0.001393625
0.005783411,0.024781341,0.001445914
0.005915258,0.024781341,0.001499728
0.006048349,0.024781341,0.001555053
0.006182701,0.024781341,0.00161187
0.006318333,0.024781341,0.001670161
0.006455263,0.024781341,0.001729905
0.00659351,0.024781341,0.001791081
0.006733092,0.024781341,0.001853668
0.006874029,0.024781341,0.001917641
0.007016341,0.024781341,0.001982979
0.007160049,0.024781341,0.002049658
0.007305172,0.024781341,0.002117655
0.007451733,0.024781341,0.002186949
0.007599751,0.024781341,0.002257517
0.00774925,0.024781341,0.002329339
0.007900251,0.024781341,0.002402393
0.008052778,0.024781341,0.00247666
0.008206853,0.024781341,0.002552121
0.0083625,0.024781341,0.002628759
0.00223,0.026239067,0.000487185
0.002330533,0.026239067,0.000500893
0.002431893,0.026239067,0.00051524
0.002534091,0.026239067,0.000530258
0.002637137,0.026239067,0.000545982
0.002741042,0.026239067,0.000562446
0.002845816,0.026239067,0.000579688
0.002951471,0.026239067,0.000597745
0.003058017,0.026239067,0.000616656
0.003165466,0.026239067,0.00063646
0.00327383,0.026239067,0.000657197
0.00338312,0.026239067,0.00067891
0.003493348,0.026239067,0.000701639
0.003604526,0.026239067,0.000725425
0.003716667,0.026239067,0.00075031
0.003829783,0.026239067,0.000776335
0.003943886,0.026239067,0.000803539
0.004058991,0.026239067,0.000831963
0.00417511,0.026239067,0.000861644
0.004292257,0.026239067,0.000892618
0.004410444,0.026239067,0.00092492
0.004529688,0.026239067,0.000958581
0.00465,0.026239067,0.000993631
0.004771396,0.026239067,0.001030096
0.004893891,0.026239067,0.001068
0.0050175,0.026239067,0.001107363
0.005142237,0.026239067,0.001148202
0.005268119,0.026239067,0.001190531
0.005395161,0.026239067,0.00123436
0.00552338,0.026239067,0.001279696
0.005652791,0.026239067,0.001326541
0.005783411,0.026239067,0.001374896
0.005915258,0.026239067,0.001424758
0.006048349,0.026239067,0.001476122
0.006182701,0.026239067,0.001528978
0.006318333,0.026239067,0.001583316
0.006455263,0.026239067,0.001639124
0.00659351,0.026239067,0.001696386
0.006733092,0.026239067,0.001755086
0.006874029,0.026239067,0.001815207
0.007016341,0.026239067,0.001876731
0.007160049,0.026239067,0.001939637
0.007305172,0.026239067,0.002003908
0.007451733,0.026239067,0.002069522
0.007599751,0.026239067,0.00213646
0.00774925,0.026239067,0.002204701
0.007900251,0.026239067,0.002274227
0.008052778,0.026239067,0.002345017
0.008206853,0.026239067,0.002417053
0.0083625,0.026239067,0.002490317
0.00223,0.027696793,0.000495561
0.002330533,0.027696793,0.000508498
0.002431893,0.027696793,0.000522007
0.002534091,0.027696793,0.000536119
0.002637137,0.027696793,0.000550861
0.002741042,0.027696793,0.000566265
0.002845816,0.027696793,0.000582363
0.002951471,0.027696793,0.000599189
0.003058017,0.027696793,0.000616776
0.003165466,0.027696793,0.000635159
0.00327383,0.027696793,0.000654376
0.00338312,0.027696793,0.000674461
0.003493348,0.027696793,0.000695454
0.003604526,0.027696793,0.000717393
0.003716667,0.027696793,0.000740314
0.003829783,0.027696793,0.000764258
0.003943886,0.027696793,0.000789262
0.004058991,0.027696793,0.000815364
0.00417511,0.027696793,0.000842603
0.004292257,0.027696793,0.000871014
0.004410444,0.027696793,0.000900633
0.004529688,0.027696793,0.000931494
0.00465,0.027696793,0.00096363
0.004771396,0.027696793,0.000997072
0.004893891,0.027696793,0.001031847
0.0050175,0.027696793,0.001067982
0.005142237,0.027696793,0.001105501
0.005268119,0.027696793,0.001144425
0.005395161,0.027696793,0.00118477
0.00552338,0.027696793,0.001226553
0.005652791,0.027696793,0.001269785
0.005783411,0.027696793,0.001314475
0.005915258,0.027696793,0.001360629
0.006048349,0.027696793,0.00140825
0.006182701,0.027696793,0.001457339
0.006318333,0.027696793,0.001507893
0.006455263,0.027696793,0.001559907
0.00659351,0.027696793,0.001613374
0.006733092,0.027696793,0.001668286
0.006874029,0.027696793,0.00172463
0.007016341,0.027696793,0.001782395
0.007160049,0.027696793,0.001841566
0.007305172,0.027696793,0.00190213
0.007451733,0.027696793,0.001964069
0.007599751,0.027696793,0.002027367
0.00774925,0.027696793,0.002092006
0.007900251,0.027696793,0.002157971
0.008052778,0.027696793,0.002225243
0.008206853,0.027696793,0.002293804
0.0083625,0.027696793,0.002363637
0.00223,0.029154519,0.000504696
0.002330533,0.029154519,0.000516969
0.002431893,0.029154519,0.000529759
0.002534091,0.029154519,0.000543092
0.002637137,0.029154519,0.000556994
0.002741042,0.029154519,0.000571492
0.002845816,0.029154519,0.000586614
0.002951471,0.029154519,0.00060239
0.003058017,0.029154519,0.000618849
0.003165466,0.029154519,0.000636022
0.00327383,0.029154519,0.000653943
0.00338312,0.029154519,0.000672644
0.003493348,0.029154519,0.000692158
0.003604526,0.029154519,0.000712521
0.003716667,0.029154519,0.000733768
0.003829783,0.029154519,0.000755933
0.003943886,0.029154519,0.000779053
0.004058991,0.029154519,0.000803163
0.00417511,0.029154519,0.0008283
0.004292257,0.029154519,0.000854499
0.004410444,0.029154519,0.000881796
0.004529688,0.029154519,0.000910223
0.00465,0.029154519,0.000939816
0.004771396,0.029154519,0.000970606
0.004893891,0.029154519,0.001002625
0.0050175,0.029154519,0.001035901
0.005142237,0.029154519,0.001070463
0.005268119,0.029154519,0.001106335
0.005395161,0.029154519,0.001143542
0.00552338,0.029154519,0.001182104
0.005652791,0.029154519,0.001222039
0.005783411,0.029154519,0.001263364
0.005915258,0.029154519,0.001306091
0.006048349,0.029154519,0.001350232
0.006182701,0.029154519,0.001395794
0.006318333,0.029154519,0.001442784
0.006455263,0.029154519,0.001491203
0.00659351,0.029154519,0.001541052
0.006733092,0.029154519,0.001592329
0.006874029,0.029154519,0.001645031
0.007016341,0.029154519,0.00169915
0.007160049,0.029154519,0.001754681
0.007305172,0.029154519,0.001811612
0.007451733,0.029154519,0.001869934
0.007599751,0.029154519,0.001929635
0.00774925,0.029154519,0.0019907
0.007900251,0.029154519,0.002053118
0.008052778,0.029154519,0.002116872
0.008206853,0.029154519,0.002181949
0.0083625,0.029154519,0.002248332
0.00223,0.030612245,0.000514443
0.002330533,0.030612245,0.000526137
0.002431893,0.030612245,0.000538303
0.002534091,0.030612245,0.000550961
0.002637137,0.030612245,0.000564136
0.002741042,0.030612245,0.000577851
0.002845816,0.030612245,0.000592131
0.002951471,0.030612245,0.000607002
0.003058017,0.030612245,0.000622491
0.003165466,0.030612245,0.000638624
0.00327383,0.030612245,0.000655432
0.00338312,0.030612245,0.000672944
0.003493348,0.030612245,0.00069119
0.003604526,0.030612245,0.0007102
0.003716667,0.030612245,0.000730008
0.003829783,0.030612245,0.000750644
0.003943886,0.030612245,0.000772143
0.004058991,0.030612245,0.000794538
0.00417511,0.030612245,0.000817861
0.004292257,0.030612245,0.000842148
0.004410444,0.030612245,0.000867431
0.004529688,0.030612245,0.000893744
0.00465,0.030612245,0.000921119
0.004771396,0.030612245,0.00094959
0.004893891,0.030612245,0.000979188
0.0050175,0.030612245,0.001009944
0.005142237,0.030612245,0.001041888
0.005268119,0.030612245,0.001075046
0.005395161,0.030612245,0.001109447
0.00552338,0.030612245,0.001145115
0.005652791,0.030612245,0.001182072
0.005783411,0.030612245,0.001220341
0.005915258,0.030612245,0.001259939
0.006048349,0.030612245,0.001300883
0.006182701,0.030612245,0.001343188
0.006318333,0.030612245,0.001386865
0.006455263,0.030612245,0.001431924
0.00659351,0.030612245,0.001478372
0.006733092,0.030612245,0.001526214
0.006874029,0.030612245,0.001575454
0.007016341,0.030612245,0.00162609
0.007160049,0.030612245,0.001678122
0.007305172,0.030612245,0.001731547
0.007451733,0.030612245,0.001786359
0.007599751,0.030612245,0.001842552
0.00774925,0.030612245,0.001900118
0.007900251,0.030612245,0.001959047
0.008052778,0.030612245,0.00201933
0.008206853,0.030612245,0.002080955
0.0083625,0.030612245,0.002143909
0.00223,0.032069971,0.000524685
0.002330533,0.032069971,0.000535871
0.002431893,0.032069971,0.000547488
0.002534091,0.032069971,0.000559557
0.002637137,0.032069971,0.000572096
0.002741042,0.032069971,0.000585129
0.002845816,0.032069971,0.000598676
0.002951471,0.032069971,0.00061276
0.003058017,0.032069971,0.000627406
0.003165466,0.032069971,0.000642639
0.00327383,0.032069971,0.000658482
0.00338312,0.032069971,0.000674965
0.003493348,0.032069971,0.000692112
0.003604526,0.032069971,0.000709953
0.003716667,0.032069971,0.000728516
0.003829783,0.032069971,0.000747831
0.003943886,0.032069971,0.000767927
0.004058991,0.032069971,0.000788836
0.00417511,0.032069971,0.000810588
0.004292257,0.032069971,0.000833214
0.004410444,0.032069971,0.000856747
0.004529688,0.032069971,0.000881219
0.00465,0.032069971,0.000906659
0.004771396,0.032069971,0.000933102
0.004893891,0.032069971,0.000960577
0.0050175,0.032069971,0.000989115
0.005142237,0.032069971,0.001018747
0.005268119,0.032069971,0.001049501
0.005395161,0.032069971,0.001081406
0.00552338,0.032069971,0.001114489
0.005652791,0.032069971,0.001148775
0.005783411,0.032069971,0.001184289
0.005915258,0.032069971,0.001221054
0.006048349,0.032069971,0.00125909
0.006182701,0.032069971,0.001298415
0.006318333,0.032069971,0.001339048
0.006455263,0.032069971,0.001381003
0.00659351,0.032069971,0.001424292
0.006733092,0.032069971,0.001468927
0.006874029,0.032069971,0.001514916
0.007016341,0.032069971,0.001562265
0.007160049,0.032069971,0.00161098
0.007305172,0.032069971,0.001661062
0.007451733,0.032069971,0.001712513
0.007599751,0.032069971,0.001765331
0.00774925,0.032069971,0.001819514
0.007900251,0.032069971,0.001875056
0.008052778,0.032069971,0.001931954
0.008206853,0.032069971,0.001990199
0.0083625,0.032069971,0.002049784
0.00223,0.033527697,0.000535332
0.002330533,0.033527697,0.000546067
0.002431893,0.033527697,0.000557199
0.002534091,0.033527697,0.000568747
0.002637137,0.033527697,0.000580727
0.002741042,0.033527697,0.000593158
0.002845816,0.033527697,0.000606062
0.002951471,0.033527697,0.000619457
0.003058017,0.033527697,0.000633365
0.003165466,0.033527697,0.000647809
0.00327383,0.033527697,0.000662811
0.00338312,0.033527697,0.000678395
0.003493348,0.033527697,0.000694585
0.003604526,0.033527697,0.000711407
0.003716667,0.033527697,0.000728886
0.003829783,0.033527697,0.00074705
0.003943886,0.033527697,0.000765925
0.004058991,0.033527697,0.00078554
0.00417511,0.033527697,0.000805922
0.004292257,0.033527697,0.000827102
0.004410444,0.033527697,0.000849108
0.004529688,0.033527697,0.00087197
0.00465,0.033527697,0.000895719
0.004771396,0.033527697,0.000920383
0.004893891,0.033527697,0.000945994
0.0050175,0.033527697,0.00097258
0.005142237,0.033527697,0.001000173
0.005268119,0.033527697,0.0010288
0.005395161,0.033527697,0.00105849
0.00552338,0.033527697,0.001089272
0.005652791,0.033527697,0.001121172
0.005783411,0.033527697,0.001154217
0.005915258,0.033527697,0.001188431
0.006048349,0.033527697,0.001223837
0.006182701,0.033527697,0.001260459
0.006318333,0.033527697,0.001298315
0.006455263,0.033527697,0.001337426
0.00659351,0.033527697,0.001377809
0.006733092,0.033527697,0.001419478
0.006874029,0.033527697,0.001462447
0.007016341,0.033527697,0.001506729
0.007160049,0.033527697,0.001552332
0.007305172,0.033527697,0.001599265
0.007451733,0.033527697,0.001647533
0.007599751,0.033527697,0.00169714
0.00774925,0.033527697,0.00174809
0.007900251,0.033527697,0.001800383
0.008052778,0.033527697,0.001854018
0.008206853,0.033527697,0.001908992
0.0083625,0.033527697,0.001965303
0.00223,0.034985423,0.000546311
0.002330533,0.034985423,0.000556643
0.002431893,0.034985423,0.000567343
0.002534091,0.034985423,0.000578426
0.002637137,0.034985423,0.000589909
0.002741042,0.034985423,0.000601809
0.002845816,0.034985423,0.000614142
0.002951471,0.034985423,0.000626928
0.003058017,0.034985423,0.000640186
0.003165466,0.034985423,0.000653935
0.00327383,0.034985423,0.000668196
0.00338312,0.034985423,0.00068299
0.003493348,0.034985423,0.000698339
0.003604526,0.034985423,0.000714267
0.003716667,0.034985423,0.000730796
0.003829783,0.034985423,0.000747951
0.003943886,0.034985423,0.000765756
0.004058991,0.034985423,0.000784237
0.00417511,0.034985423,0.00080342
0.004292257,0.034985423,0.000823331
0.004410444,0.034985423,0.000843999
0.004529688,0.034985423,0.00086545
0.00465,0.034985423,0.000887712
0.004771396,0.034985423,0.000910813
0.004893891,0.034985423,0.000934783
0.0050175,0.034985423,0.00095965
0.005142237,0.034985423,0.000985441
0.005268119,0.034985423,0.001012186
0.005395161,0.034985423,0.001039912
0.00552338,0.034985423,0.001068648
0.005652791,0.034985423,0.001098421
0.005783411,0.034985423,0.001129258
0.005915258,0.034985423,0.001161183
0.006048349,0.034985423,0.001194224
0.006182701,0.034985423,0.001228402
0.006318333,0.034985423,0.001263742
0.006455263,0.034985423,0.001300265
0.00659351,0.034985423,0.001337991
0.006733092,0.034985423,0.001376939
0.006874029,0.034985423,0.001417126
0.007016341,0.034985423,0.001458569
0.007160049,0.034985423,0.00150128
0.007305172,0.034985423,0.001545272
0.007451733,0.034985423,0.001590556
0.007599751,0.034985423,0.00163714
0.00774925,0.034985423,0.001685032
0.007900251,0.034985423,0.001734238
0.008052778,0.034985423,0.001784761
0.008206853,0.034985423,0.001836603
0.0083625,0.034985423,0.001889766
0.00223,0.036443149,0.000557564
0.002330533,0.036443149,0.000567533
0.002431893,0.036443149,0.000577845
0.002534091,0.036443149,0.000588513
0.002637137,0.036443149,0.00059955
0.002741042,0.036443149,0.000610974
0.002845816,0.036443149,0.0006228
0.002951471,0.036443149,0.000635043
0.003058017,0.036443149,0.000647722
0.003165466,0.036443149,0.000660855
0.00327383,0.036443149,0.000674459
0.00338312,0.036443149,0.000688554
0.003493348,0.036443149,0.00070316
0.003604526,0.036443149,0.000718297
0.003716667,0.036443149,0.000733987
0.003829783,0.036443149,0.000750252
0.003943886,0.036443149,0.000767113
0.004058991,0.036443149,0.000784595
0.00417511,0.036443149,0.000802721
0.004292257,0.036443149,0.000821516
0.004410444,0.036443149,0.000841004
0.004529688,0.036443149,0.000861211
0.00465,0.036443149,0.000882163
0.004771396,0.036443149,0.000903886
0.004893891,0.036443149,0.000926407
0.0050175,0.036443149,0.000949753
0.005142237,0.036443149,0.00097395
0.005268119,0.036443149,0.000999027
0.005395161,0.036443149,0.00102501
0.00552338,0.036443149,0.001051927
0.005652791,0.036443149,0.001079803
0.005783411,0.036443149,0.001108667
0.005915258,0.036443149,0.001138544
0.006048349,0.036443149,0.001169459
0.006182701,0.036443149,0.001201438
0.006318333,0.036443149,0.001234504
0.006455263,0.036443149,0.001268682
0.00659351,0.036443149,0.001303993
0.006733092,0.036443149,0.001340458
0.006874029,0.036443149,0.001378097
0.007016341,0.036443149,0.001416929
0.007160049,0.036443149,0.001456971
0.007305172,0.036443149,0.001498239
0.007451733,0.036443149,0.001540747
0.007599751,0.036443149,0.001584508
0.00774925,0.036443149,0.001629534
0.007900251,0.036443149,0.001675833
0.008052778,0.036443149,0.001723414
0.008206853,0.036443149,0.001772284
0.0083625,0.036443149,0.001822447
0.00223,0.037900875,0.000569043
0.002330533,0.037900875,0.000578684
0.002431893,0.037900875,0.000588645
0.002534091,0.037900875,0.000598937
0.002637137,0.037900875,0.000609574
0.002741042,0.037900875,0.00062057
0.002845816,0.037900875,0.00063194
0.002951471,0.037900875,0.000643697
0.003058017,0.037900875,0.000655859
0.003165466,0.037900875,0.00066844
0.00327383,0.037900875,0.000681458
0.00338312,0.037900875,0.00069493
0.003493348,0.037900875,0.000708874
0.003604526,0.037900875,0.000723308
0.003716667,0.037900875,0.000738253
0.003829783,0.037900875,0.000753727
0.003943886,0.037900875,0.000769752
0.004058991,0.037900875,0.000786348
0.00417511,0.037900875,0.000803538
0.004292257,0.037900875,0.000821343
0.004410444,0.037900875,0.000839786
0.004529688,0.037900875,0.000858892
0.00465,0.037900875,0.000878683
0.004771396,0.037900875,0.000899185
0.004893891,0.037900875,0.000920422
0.0050175,0.037900875,0.000942419
0.005142237,0.037900875,0.000965202
0.005268119,0.037900875,0.000988797
0.005395161,0.037900875,0.001013229
0.00552338,0.037900875,0.001038525
0.005652791,0.037900875,0.00106471
0.005783411,0.037900875,0.001091811
0.005915258,0.037900875,0.001119853
0.006048349,0.037900875,0.001148862
0.006182701,0.037900875,0.001178863
0.006318333,0.037900875,0.00120988
0.006455263,0.037900875,0.001241938
0.00659351,0.037900875,0.001275059
0.006733092,0.037900875,0.001309267
0.006874029,0.037900875,0.001344582
0.007016341,0.037900875,0.001381026
0.007160049,0.037900875,0.001418619
0.007305172,0.037900875,0.001457378
0.007451733,0.037900875,0.00149732
0.007599751,0.037900875,0.001538462
0.00774925,0.037900875,0.001580818
0.007900251,0.037900875,0.001624401
0.008052778,0.037900875,0.001669224
0.008206853,0.037900875,0.001715295
0.0083625,0.037900875,0.001762625
0.00223,0.039358601,0.000580709
0.002330533,0.039358601,0.000590051
0.002431893,0.039358601,0.000599693
0.002534091,0.039358601,0.000609644
0.002637137,0.039358601,0.000619918
0.002741042,0.039358601,0.000630527
0.002845816,0.039358601,0.000641485
0.002951471,0.039358601,0.000652804
0.003058017,0.039358601,0.000664499
0.003165466,0.039358601,0.000676585
0.00327383,0.039358601,0.000689076
0.00338312,0.039358601,0.000701989
0.003493348,0.039358601,0.00071534
0.003604526,0.039358601,0.000729146
0.003716667,0.039358601,0.000743424
0.003829783,0.039358601,0.000758193
0.003943886,0.039358601,0.000773471
0.004058991,0.039358601,0.000789278
0.00417511,0.039358601,0.000805633
0.004292257,0.039358601,0.000822557
0.004410444,0.039358601,0.00084007
0.004529688,0.039358601,0.000858196
0.00465,0.039358601,0.000876954
0.004771396,0.039358601,0.000896369
0.004893891,0.039358601,0.000916463
0.0050175,0.039358601,0.00093726
0.005142237,0.039358601,0.000958783
0.005268119,0.039358601,0.000981057
0.005395161,0.039358601,0.001004106
0.00552338,0.039358601,0.001027956
0.005652791,0.039358601,0.001052629
0.005783411,0.039358601,0.001078153
0.005915258,0.039358601,0.001104551
0.006048349,0.039358601,0.001131849
0.006182701,0.039358601,0.001160071
0.006318333,0.039358601,0.001189242
0.006455263,0.039358601,0.001219386
0.00659351,0.039358601,0.001250526
0.006733092,0.039358601,0.001282686
0.006874029,0.039358601,0.001315889
0.007016341,0.039358601,0.001350156
0.007160049,0.039358601,0.001385508
0.007305172,0.039358601,0.001421965
0.007451733,0.039358601,0.001459548
0.007599751,0.039358601,0.001498272
0.00774925,0.039358601,0.001538157
0.007900251,0.039358601,0.001579218
0.008052778,0.039358601,0.001621468
0.008206853,0.039358601,0.001664923
0.0083625,0.039358601,0.001709593
0.00223,0.040816327,0.00059253
0.002330533,0.040816327,0.000601598
0.002431893,0.040816327,0.000610947
0.002534091,0.040816327,0.000620588
0.002637137,0.040816327,0.000630531
0.002741042,0.040816327,0.000640788
0.002845816,0.040816327,0.000651371
0.002951471,0.040816327,0.000662293
0.003058017,0.040816327,0.000673565
0.003165466,0.040816327,0.000685203
0.00327383,0.040816327,0.000697219
0.00338312,0.040816327,0.000709628
0.003493348,0.040816327,0.000722444
0.003604526,0.040816327,0.000735685
0.003716667,0.040816327,0.000749364
0.003829783,0.040816327,0.000763499
0.003943886,0.040816327,0.000778107
0.004058991,0.040816327,0.000793206
0.00417511,0.040816327,0.000808813
0.004292257,0.040816327,0.000824948
0.004410444,0.040816327,0.00084163
0.004529688,0.040816327,0.000858879
0.00465,0.040816327,0.000876714
0.004771396,0.040816327,0.000895158
0.004893891,0.040816327,0.000914231
0.0050175,0.040816327,0.000933954
0.005142237,0.040816327,0.000954351
0.005268119,0.040816327,0.000975444
0.005395161,0.040816327,0.000997256
0.00552338,0.040816327,0.00101981
0.005652791,0.040816327,0.00104313
0.005783411,0.040816327,0.001067239
0.005915258,0.040816327,0.001092162
0.006048349,0.040816327,0.001117922
0.006182701,0.040816327,0.001144544
0.006318333,0.040816327,0.001172051
0.006455263,0.040816327,0.001200467
0.00659351,0.040816327,0.001229816
0.006733092,0.040816327,0.001260121
0.006874029,0.040816327,0.001291405
0.007016341,0.040816327,0.00132369
0.007160049,0.040816327,0.001356999
0.007305172,0.040816327,0.001391352
0.007451733,0.040816327,0.00142677
0.007599751,0.040816327,0.001463272
0.00774925,0.040816327,0.001500878
0.007900251,0.040816327,0.001539606
0.008052778,0.040816327,0.001579472
0.008206853,0.040816327,0.001620492
0.0083625,0.040816327,0.00166268
0.00223,0.042274052,0.000604479
0.002330533,0.042274052,0.000613294
0.002431893,0.042274052,0.000622375
0.002534091,0.042274052,0.00063173
0.002637137,0.042274052,0.000641369
0.002741042,0.042274052,0.000651304
0.002845816,0.042274052,0.000661546
0.002951471,0.042274052,0.000672105
0.003058017,0.042274052,0.000682993
0.003165466,0.042274052,0.000694223
0.00327383,0.042274052,0.000705807
0.00338312,0.042274052,0.000717759
0.003493348,0.042274052,0.000730092
0.003604526,0.042274052,0.00074282
0.003716667,0.042274052,0.000755958
0.003829783,0.042274052,0.000769521
0.003943886,0.042274052,0.000783525
0.004058991,0.042274052,0.000797986
0.00417511,0.042274052,0.00081292
0.004292257,0.042274052,0.000828346
0.004410444,0.042274052,0.000844279
0.004529688,0.042274052,0.00086074
0.00465,0.042274052,0.000877747
0.004771396,0.042274052,0.000895318
0.004893891,0.042274052,0.000913474
0.0050175,0.042274052,0.000932235
0.005142237,0.042274052,0.000951621
0.005268119,0.042274052,0.000971654
0.005395161,0.042274052,0.000992355
0.00552338,0.042274052,0.001013746
0.005652791,0.042274052,0.001035849
0.005783411,0.042274052,0.001058687
0.005915258,0.042274052,0.001082283
0.006048349,0.042274052,0.001106659
0.006182701,0.042274052,0.001131838
0.006318333,0.042274052,0.001157844
0.006455263,0.042274052,0.001184699
0.00659351,0.042274052,0.001212428
0.006733092,0.042274052,0.001241052
0.006874029,0.042274052,0.001270594
0.007016341,0.042274052,0.001301078
0.007160049,0.042274052,0.001332525
0.007305172,0.042274052,0.001364957
0.007451733,0.042274052,0.001398395
0.007599751,0.042274052,0.001432859
0.00774925,0.042274052,0.001468371
0.007900251,0.042274052,0.001504948
0.008052778,0.042274052,0.001542611
0.008206853,0.042274052,0.001581375
0.0083625,0.042274052,0.001621258
0.00223,0.043731778,0.000616532
0.002330533,0.043731778,0.000625113
0.002431893,0.043731778,0.000633946
0.002534091,0.043731778,0.000643037
0.002637137,0.043731778,0.000652398
0.002741042,0.043731778,0.000662037
0.002845816,0.043731778,0.000671964
0.002951471,0.043731778,0.000682191
0.003058017,0.043731778,0.000692727
0.003165466,0.043731778,0.000703585
0.00327383,0.043731778,0.000714775
0.00338312,0.043731778,0.00072631
0.003493348,0.043731778,0.000738202
0.003604526,0.043731778,0.000750465
0.003716667,0.043731778,0.000763111
0.003829783,0.043731778,0.000776156
0.003943886,0.043731778,0.000789612
0.004058991,0.043731778,0.000803495
0.00417511,0.043731778,0.000817821
0.004292257,0.043731778,0.000832604
0.004410444,0.043731778,0.000847863
0.004529688,0.043731778,0.000863612
0.00465,0.043731778,0.000879871
0.004771396,0.043731778,0.000896655
0.004893891,0.043731778,0.000913985
0.0050175,0.043731778,0.000931878
0.005142237,0.043731778,0.000950353
0.005268119,0.043731778,0.000969431
0.005395161,0.043731778,0.000989132
0.00552338,0.043731778,0.001009475
0.005652791,0.043731778,0.001030482
0.005783411,0.043731778,0.001052174
0.005915258,0.043731778,0.001074573
0.006048349,0.043731778,0.0010977
0.006182701,0.043731778,0.001121576
0.006318333,0.043731778,0.001146226
0.006455263,0.043731778,0.001171669
0.00659351,0.043731778,0.00119793
0.006733092,0.043731778,0.00122503
0.006874029,0.043731778,0.001252992
0.007016341,0.043731778,0.001281837
0.007160049,0.043731778,0.001311589
0.007305172,0.043731778,0.001342268
0.007451733,0.043731778,0.001373897
0.007599751,0.043731778,0.001406496
0.00774925,0.043731778,0.001440085
0.007900251,0.043731778,0.001474686
0.008052778,0.043731778,0.001510317
0.008206853,0.043731778,0.001546998
0.0083625,0.043731778,0.001584746
0.00223,0.045189504,0.000628669
0.002330533,0.045189504,0.000637033
0.002431893,0.045189504,0.000645635
0.002534091,0.045189504,0.000654483
0.002637137,0.045189504,0.000663586
0.002741042,0.045189504,0.000672951
0.002845816,0.045189504,0.000682589
0.002951471,0.045189504,0.00069251
0.003058017,0.045189504,0.000702723
0.003165466,0.045189504,0.000713238
0.00327383,0.045189504,0.000724067
0.00338312,0.045189504,0.00073522
0.003493348,0.045189504,0.00074671
0.003604526,0.045189504,0.000758547
0.003716667,0.045189504,0.000770745
0.003829783,0.045189504,0.000783316
0.003943886,0.045189504,0.000796274
0.004058991,0.045189504,0.000809632
0.00417511,0.045189504,0.000823404
0.004292257,0.045189504,0.000837605
0.004410444,0.045189504,0.00085225
0.004529688,0.045189504,0.000867355
0.00465,0.045189504,0.000882935
0.004771396,0.045189504,0.000899008
0.004893891,0.045189504,0.000915589
0.0050175,0.045189504,0.000932697
0.005142237,0.045189504,0.000950349
0.005268119,0.045189504,0.000968563
0.005395161,0.045189504,0.000987359
0.00552338,0.045189504,0.001006755
0.005652791,0.045189504,0.001026771
0.005783411,0.045189504,0.001047427
0.005915258,0.045189504,0.001068743
0.006048349,0.045189504,0.00109074
0.006182701,0.045189504,0.001113438
0.006318333,0.045189504,0.001136858
0.006455263,0.045189504,0.001161022
0.00659351,0.045189504,0.001185952
0.006733092,0.045189504,0.001211669
0.006874029,0.045189504,0.001238194
0.007016341,0.045189504,0.001265549
0.007160049,0.045189504,0.001293756
0.007305172,0.045189504,0.001322837
0.007451733,0.045189504,0.001352813
0.007599751,0.045189504,0.001383704
0.00774925,0.045189504,0.001415532
0.007900251,0.045189504,0.001448318
0.008052778,0.045189504,0.001482081
0.008206853,0.045189504,0.001516841
0.0083625,0.045189504,0.001552616
0.00223,0.04664723,0.000640873
0.002330533,0.04664723,0.000649035
0.002431893,0.04664723,0.000657423
0.002534091,0.04664723,0.000666044
0.002637137,0.04664723,0.000674907
0.002741042,0.04664723,0.000684019
0.002845816,0.04664723,0.000693389
0.002951471,0.04664723,0.000703027
0.003058017,0.04664723,0.000712941
0.003165466,0.04664723,0.000723141
0.00327383,0.04664723,0.000733637
0.00338312,0.04664723,0.000744439
0.003493348,0.04664723,0.000755559
0.003604526,0.04664723,0.000767006
0.003716667,0.04664723,0.000778793
0.003829783,0.04664723,0.000790931
0.003943886,0.04664723,0.000803432
0.004058991,0.04664723,0.00081631
0.00417511,0.04664723,0.000829577
0.004292257,0.04664723,0.000843247
0.004410444,0.04664723,0.000857333
0.004529688,0.04664723,0.000871851
0.00465,0.04664723,0.000886814
0.004771396,0.04664723,0.000902239
0.004893891,0.04664723,0.00091814
0.0050175,0.04664723,0.000934535
0.005142237,0.04664723,0.000951439
0.005268119,0.04664723,0.00096887
0.005395161,0.04664723,0.000986844
0.00552338,0.04664723,0.001005381
0.005652791,0.04664723,0.001024498
0.005783411,0.04664723,0.001044214
0.005915258,0.04664723,0.001064548
0.006048349,0.04664723,0.001085519
0.006182701,0.04664723,0.001107147
0.006318333,0.04664723,0.001129452
0.006455263,0.04664723,0.001152455
0.00659351,0.04664723,0.001176175
0.006733092,0.04664723,0.001200633
0.006874029,0.04664723,0.001225851
0.007016341,0.04664723,0.001251849
0.007160049,0.04664723,0.001278649
0.007305172,0.04664723,0.00130627
0.007451733,0.04664723,0.001334735
0.007599751,0.04664723,0.001364065
0.00774925,0.04664723,0.001394279
0.007900251,0.04664723,0.001425399
0.008052778,0.04664723,0.001457445
0.008206853,0.04664723,0.001490436
0.0083625,0.04664723,0.001524393
0.00223,0.048104956,0.00065313
0.002330533,0.048104956,0.000661103
0.002431893,0.048104956,0.00066929
0.002534091,0.048104956,0.000677699
0.002637137,0.048104956,0.000686338
0.002741042,0.048104956,0.000695214
0.002845816,0.048104956,0.000704336
0.002951471,0.048104956,0.000713711
0.003058017,0.048104956,0.000723348
0.003165466,0.048104956,0.000733256
0.00327383,0.048104956,0.000743445
0.00338312,0.048104956,0.000753923
0.003493348,0.048104956,0.000764701
0.003604526,0.048104956,0.000775788
0.003716667,0.048104956,0.000787197
0.003829783,0.048104956,0.000798937
0.003943886,0.048104956,0.000811019
0.004058991,0.048104956,0.000823457
0.00417511,0.048104956,0.00083626
0.004292257,0.048104956,0.000849444
0.004410444,0.048104956,0.000863019
0.004529688,0.048104956,0.000876999
0.00465,0.048104956,0.000891399
0.004771396,0.048104956,0.000906232
0.004893891,0.048104956,0.000921514
0.0050175,0.048104956,0.000937258
0.005142237,0.048104956,0.00095348
0.005268119,0.048104956,0.000970197
0.005395161,0.048104956,0.000987424
0.00552338,0.048104956,0.001005179
0.005652791,0.048104956,0.001023478
0.005783411,0.048104956,0.001042338
0.005915258,0.048104956,0.001061778
0.006048349,0.048104956,0.001081817
0.006182701,0.048104956,0.001102471
0.006318333,0.048104956,0.001123761
0.006455263,0.048104956,0.001145705
0.00659351,0.048104956,0.001168324
0.006733092,0.048104956,0.001191636
0.006874029,0.048104956,0.001215662
0.007016341,0.048104956,0.001240422
0.007160049,0.048104956,0.001265936
0.007305172,0.048104956,0.001292225
0.007451733,0.048104956,0.001319309
0.007599751,0.048104956,0.001347208
0.00774925,0.048104956,0.001375943
0.007900251,0.048104956,0.001405535
0.008052778,0.048104956,0.001436003
0.008206853,0.048104956,0.001467367
0.0083625,0.048104956,0.001499648
0.00223,0.049562682,0.000665427
0.002330533,0.049562682,0.000673221
0.002431893,0.049562682,0.00068122
0.002534091,0.049562682,0.000689431
0.002637137,0.049562682,0.000697861
0.002741042,0.049562682,0.000706517
0.002845816,0.049562682,0.000715406
0.002951471,0.049562682,0.000724536
0.003058017,0.049562682,0.000733916
0.003165466,0.049562682,0.000743553
0.00327383,0.049562682,0.000753456
0.00338312,0.049562682,0.000763633
0.003493348,0.049562682,0.000774095
0.003604526,0.049562682,0.00078485
0.003716667,0.049562682,0.000795909
0.003829783,0.049562682,0.000807281
0.003943886,0.049562682,0.000818978
0.004058991,0.049562682,0.000831009
0.00417511,0.049562682,0.000843387
0.004292257,0.049562682,0.000856123
0.004410444,0.049562682,0.000869229
0.004529688,0.049562682,0.000882717
0.00465,0.049562682,0.0008966
0.004771396,0.049562682,0.000910891
0.004893891,0.049562682,0.000925604
0.0050175,0.049562682,0.000940753
0.005142237,0.049562682,0.000956352
0.005268119,0.049562682,0.000972416
0.005395161,0.049562682,0.00098896
0.00552338,0.049562682,0.001006
0.005652791,0.049562682,0.001023552
0.005783411,0.049562682,0.001041631
0.005915258,0.049562682,0.001060256
0.006048349,0.049562682,0.001079443
0.006182701,0.049562682,0.001099209
0.006318333,0.049562682,0.001119572
0.006455263,0.049562682,0.001140551
0.00659351,0.049562682,0.001162164
0.006733092,0.049562682,0.00118443
0.006874029,0.049562682,0.001207367
0.007016341,0.049562682,0.001230996
0.007160049,0.049562682,0.001255335
0.007305172,0.049562682,0.001280404
0.007451733,0.049562682,0.001306223
0.007599751,0.049562682,0.001332812
0.00774925,0.049562682,0.001360191
0.007900251,0.049562682,0.001388379
0.008052778,0.049562682,0.001417397
0.008206853,0.049562682,0.001447264
0.0083625,0.049562682,0.001478
0.00223,0.051020408,0.000677752
0.002330533,0.051020408,0.000685378
0.002431893,0.051020408,0.0006932
0.002534091,0.051020408,0.000701225
0.002637137,0.051020408,0.000709458
0.002741042,0.051020408,0.000717907
0.002845816,0.051020408,0.000726579
0.002951471,0.051020408,0.000735481
0.003058017,0.051020408,0.00074462
0.003165466,0.051020408,0.000754003
0.00327383,0.051020408,0.00076364
0.00338312,0.051020408,0.000773538
0.003493348,0.051020408,0.000783706
0.003604526,0.051020408,0.000794153
0.003716667,0.051020408,0.000804888
0.003829783,0.051020408,0.00081592
0.003943886,0.051020408,0.000827259
0.004058991,0.051020408,0.000838915
0.00417511,0.051020408,0.0008509
0.004292257,0.051020408,0.000863223
0.004410444,0.051020408,0.000875895
0.004529688,0.051020408,0.000888929
0.00465,0.051020408,0.000902337
0.004771396,0.051020408,0.000916129
0.004893891,0.051020408,0.00093032
0.0050175,0.051020408,0.000944923
0.005142237,0.051020408,0.00095995
0.005268119,0.051020408,0.000975415
0.005395161,0.051020408,0.000991333
0.00552338,0.051020408,0.001007718
0.005652791,0.051020408,0.001024585
0.005783411,0.051020408,0.00104195
0.005915258,0.051020408,0.001059828
0.006048349,0.051020408,0.001078235
0.006182701,0.051020408,0.001097188
0.006318333,0.051020408,0.001116704
0.006455263,0.051020408,0.001136799
0.00659351,0.051020408,0.001157492
0.006733092,0.051020408,0.0011788
0.006874029,0.051020408,0.00120074
0.007016341,0.051020408,0.001223333
0.007160049,0.051020408,0.001246595
0.007305172,0.051020408,0.001270547
0.007451733,0.051020408,0.001295206
0.007599751,0.051020408,0.001320593
0.00774925,0.051020408,0.001346726
0.007900251,0.051020408,0.001373625
0.008052778,0.051020408,0.00140131
0.008206853,0.051020408,0.001429799
0.0083625,0.051020408,0.001459112
0.00223,0.052478134,0.000690096
0.002330533,0.052478134,0.000697563
0.002431893,0.052478134,0.000705217
0.002534091,0.052478134,0.000713066
0.002637137,0.052478134,0.000721115
0.002741042,0.052478134,0.00072937
0.002845816,0.052478134,0.000737837
0.002951471,0.052478134,0.000746524
0.003058017,0.052478134,0.000755438
0.003165466,0.052478134,0.000764585
0.00327383,0.052478134,0.000773973
0.00338312,0.052478134,0.00078361
0.003493348,0.052478134,0.000793504
0.003604526,0.052478134,0.000803664
0.003716667,0.052478134,0.000814097
0.003829783,0.052478134,0.000824812
0.003943886,0.052478134,0.00083582
0.004058991,0.052478134,0.000847128
0.00417511,0.052478134,0.000858748
0.004292257,0.052478134,0.000870689
0.004410444,0.052478134,0.000882961
0.004529688,0.052478134,0.000895575
0.00465,0.052478134,0.000908543
0.004771396,0.052478134,0.000921876
0.004893891,0.052478134,0.000935586
0.0050175,0.052478134,0.000949684
0.005142237,0.052478134,0.000964184
0.005268119,0.052478134,0.000979098
0.005395161,0.052478134,0.00099444
0.00552338,0.052478134,0.001010223
0.005652791,0.052478134,0.001026461
0.005783411,0.052478134,0.001043169
0.005915258,0.052478134,0.001060362
0.006048349,0.052478134,0.001078053
0.006182701,0.052478134,0.00109626
0.006318333,0.052478134,0.001114998
0.006455263,0.052478134,0.001134283
0.00659351,0.052478134,0.001154131
0.006733092,0.052478134,0.00117456
0.006874029,0.052478134,0.001195587
0.007016341,0.052478134,0.001217229
0.007160049,0.052478134,0.001239503
0.007305172,0.052478134,0.001262428
0.007451733,0.052478134,0.001286023
0.007599751,0.052478134,0.001310305
0.00774925,0.052478134,0.001335293
0.007900251,0.052478134,0.001361006
0.008052778,0.052478134,0.001387463
0.008206853,0.052478134,0.001414683
0.0083625,0.052478134,0.001442684
0.00223,0.05393586,0.000702448
0.002330533,0.05393586,0.000709764
0.002431893,0.05393586,0.000717261
0.002534091,0.05393586,0.000724943
0.002637137,0.05393586,0.000732818
0.002741042,0.05393586,0.000740889
0.002845816,0.05393586,0.000749164
0.002951471,0.05393586,0.00075765
0.003058017,0.05393586,0.000766351
0.003165466,0.05393586,0.000775276
0.00327383,0.05393586,0.000784431
0.00338312,0.05393586,0.000793824
0.003493348,0.05393586,0.000803462
0.003604526,0.05393586,0.000813353
0.003716667,0.05393586,0.000823504
0.003829783,0.05393586,0.000833925
0.003943886,0.05393586,0.000844623
0.004058991,0.05393586,0.000855608
0.00417511,0.05393586,0.000866889
0.004292257,0.05393586,0.000878475
0.004410444,0.05393586,0.000890375
0.004529688,0.05393586,0.000902601
0.00465,0.05393586,0.000915162
0.004771396,0.05393586,0.000928069
0.004893891,0.05393586,0.000941333
0.0050175,0.05393586,0.000954966
0.005142237,0.05393586,0.000968979
0.005268119,0.05393586,0.000983384
0.005395161,0.05393586,0.000998194
0.00552338,0.05393586,0.001013422
0.005652791,0.05393586,0.00102908
0.005783411,0.05393586,0.001045183
0.005915258,0.05393586,0.001061744
0.006048349,0.05393586,0.001078777
0.006182701,0.05393586,0.001096297
0.006318333,0.05393586,0.001114319
0.006455263,0.05393586,0.001132859
0.00659351,0.05393586,0.001151931
0.006733092,0.05393586,0.001171551
0.006874029,0.05393586,0.001191737
0.007016341,0.05393586,0.001212504
0.007160049,0.05393586,0.00123387
0.007305172,0.05393586,0.001255851
0.007451733,0.05393586,0.001278466
0.007599751,0.05393586,0.001301731
0.00774925,0.05393586,0.001325665
0.007900251,0.05393586,0.001350285
0.008052778,0.05393586,0.001375611
0.008206853,0.05393586,0.00140166
0.0083625,0.05393586,0.00142845
0.00223,0.055393586,0.000714802
0.002330533,0.055393586,0.000721975
0.002431893,0.055393586,0.000729321
0.002534091,0.055393586,0.000736846
0.002637137,0.055393586,0.000744555
0.002741042,0.055393586,0.000752453
0.002845816,0.055393586,0.000760547
0.002951471,0.055393586,0.000768841
0.003058017,0.055393586,0.000777343
0.003165466,0.055393586,0.000786059
0.00327383,0.055393586,0.000794996
0.00338312,0.055393586,0.000804159
0.003493348,0.055393586,0.000813556
0.003604526,0.055393586,0.000823195
0.003716667,0.055393586,0.000833083
0.003829783,0.055393586,0.000843228
0.003943886,0.055393586,0.000853638
0.004058991,0.055393586,0.00086432
0.00417511,0.055393586,0.000875285
0.004292257,0.055393586,0.00088654
0.004410444,0.055393586,0.000898094
0.004529688,0.055393586,0.000909958
0.00465,0.055393586,0.000922141
0.004771396,0.055393586,0.000934653
0.004893891,0.055393586,0.000947503
0.0050175,0.055393586,0.000960704
0.005142237,0.055393586,0.000974266
0.005268119,0.055393586,0.0009882
0.005395161,0.055393586,0.001002519
0.00552338,0.055393586,0.001017233
0.005652791,0.055393586,0.001032355
0.005783411,0.055393586,0.001047899
0.005915258,0.055393586,0.001063877
0.006048349,0.055393586,0.001080302
0.006182701,0.055393586,0.001097188
0.006318333,0.055393586,0.00111455
0.006455263,0.055393586,0.001132401
0.00659351,0.055393586,0.001150757
0.006733092,0.055393586,0.001169633
0.006874029,0.055393586,0.001189043
0.007016341,0.055393586,0.001209005
0.007160049,0.055393586,0.001229533
0.007305172,0.055393586,0.001250644
0.007451733,0.055393586,0.001272355
0.007599751,0.055393586,0.001294682
0.00774925,0.055393586,0.001317644
0.007900251,0.055393586,0.001341256
0.008052778,0.055393586,0.001365538
0.008206853,0.055393586,0.001390505
0.0083625,0.055393586,0.001416178
0.00223,0.056851312,0.000727149
0.002330533,0.056851312,0.000734186
0.002431893,0.056851312,0.000741389
0.002534091,0.056851312,0.000748764
0.002637137,0.056851312,0.000756316
0.002741042,0.056851312,0.00076405
0.002845816,0.056851312,0.000771971
0.002951471,0.056851312,0.000780086
0.003058017,0.056851312,0.0007884
0.003165466,0.056851312,0.000796918
0.00327383,0.056851312,0.000805648
0.00338312,0.056851312,0.000814595
0.003493348,0.056851312,0.000823766
0.003604526,0.056851312,0.000833169
0.003716667,0.056851312,0.00084281
0.003829783,0.056851312,0.000852696
0.003943886,0.056851312,0.000862835
0.004058991,0.056851312,0.000873234
0.00417511,0.056851312,0.000883903
0.004292257,0.056851312,0.000894849
0.004410444,0.056851312,0.000906081
0.004529688,0.056851312,0.000917607
0.00465,0.056851312,0.000929437
0.004771396,0.056851312,0.00094158
0.004893891,0.056851312,0.000954047
0.0050175,0.056851312,0.000966846
0.005142237,0.056851312,0.000979988
0.005268119,0.056851312,0.000993485
0.005395161,0.056851312,0.001007347
0.00552338,0.056851312,0.001021584
0.005652791,0.056851312,0.00103621
0.005783411,0.056851312,0.001051236
0.005915258,0.056851312,0.001066673
0.006048349,0.056851312,0.001082536
0.006182701,0.056851312,0.001098836
0.006318333,0.056851312,0.001115587
0.006455263,0.056851312,0.001132802
0.00659351,0.056851312,0.001150496
0.006733092,0.056851312,0.001168683
0.006874029,0.056851312,0.001187378
0.007016341,0.056851312,0.001206594
0.007160049,0.056851312,0.001226348
0.007305172,0.056851312,0.001246656
0.007451733,0.056851312,0.001267532
0.007599751,0.056851312,0.001288993
0.00774925,0.056851312,0.001311056
0.007900251,0.056851312,0.001333737
0.008052778,0.056851312,0.001357053
0.008206853,0.056851312,0.001381021
0.0083625,0.056851312,0.001405659
0.00223,0.058309038,0.000739484
0.002330533,0.058309038,0.00074639
0.002431893,0.058309038,0.000753457
0.002534091,0.058309038,0.000760689
0.002637137,0.058309038,0.000768092
0.002741042,0.058309038,0.00077567
0.002845816,0.058309038,0.000783428
0.002951471,0.058309038,0.000791372
0.003058017,0.058309038,0.000799506
0.003165466,0.058309038,0.000807838
0.00327383,0.058309038,0.000816373
0.00338312,0.058309038,0.000825116
0.003493348,0.058309038,0.000834074
0.003604526,0.058309038,0.000843254
0.003716667,0.058309038,0.000852661
0.003829783,0.058309038,0.000862304
0.003943886,0.058309038,0.000872189
0.004058991,0.058309038,0.000882323
0.00417511,0.058309038,0.000892715
0.004292257,0.058309038,0.000903371
0.004410444,0.058309038,0.0009143
0.004529688,0.058309038,0.000925511
0.00465,0.058309038,0.000937011
0.004771396,0.058309038,0.000948811
0.004893891,0.058309038,0.000960918
0.0050175,0.058309038,0.000973343
0.005142237,0.058309038,0.000986095
0.005268119,0.058309038,0.000999184
0.005395161,0.058309038,0.00101262
0.00552338,0.058309038,0.001026415
0.005652791,0.058309038,0.001040579
0.005783411,0.058309038,0.001055123
0.005915258,0.058309038,0.001070059
0.006048349,0.058309038,0.001085399
0.006182701,0.058309038,0.001101155
0.006318333,0.058309038,0.00111734
0.006455263,0.058309038,0.001133966
0.00659351,0.058309038,0.001151047
0.006733092,0.058309038,0.001168596
0.006874029,0.058309038,0.001186627
0.007016341,0.058309038,0.001205154
0.007160049,0.058309038,0.001224192
0.007305172,0.058309038,0.001243755
0.007451733,0.058309038,0.001263859
0.007599751,0.058309038,0.001284518
0.00774925,0.058309038,0.001305749
0.007900251,0.058309038,0.001327568
0.008052778,0.058309038,0.00134999
0.008206853,0.058309038,0.001373032
0.0083625,0.058309038,0.001396711
0.00223,0.059766764,0.0007518
0.002330533,0.059766764,0.000758581
0.002431893,0.059766764,0.000765517
0.002534091,0.059766764,0.000772613
0.002637137,0.059766764,0.000779874
0.002741042,0.059766764,0.000787303
0.002845816,0.059766764,0.000794905
0.002951471,0.059766764,0.000802687
0.003058017,0.059766764,0.000810652
0.003165466,0.059766764,0.000818807
0.00327383,0.059766764,0.000827156
0.00338312,0.059766764,0.000835706
0.003493348,0.059766764,0.000844463
0.003604526,0.059766764,0.000853432
0.003716667,0.059766764,0.00086262
0.003829783,0.059766764,0.000872033
0.003943886,0.059766764,0.000881679
0.004058991,0.059766764,0.000891563
0.00417511,0.059766764,0.000901694
0.004292257,0.059766764,0.000912078
0.004410444,0.059766764,0.000922723
0.004529688,0.059766764,0.000933638
0.00465,0.059766764,0.00094483
0.004771396,0.059766764,0.000956307
0.004893891,0.059766764,0.000968078
0.0050175,0.059766764,0.000980153
0.005142237,0.059766764,0.00099254
0.005268119,0.059766764,0.001005248
0.005395161,0.059766764,0.001018288
0.00552338,0.059766764,0.00103167
0.005652791,0.059766764,0.001045404
0.005783411,0.059766764,0.0010595
0.005915258,0.059766764,0.001073969
0.006048349,0.059766764,0.001088823
0.006182701,0.059766764,0.001104073
0.006318333,0.059766764,0.001119731
0.006455263,0.059766764,0.00113581
0.00659351,0.059766764,0.001152321
0.006733092,0.059766764,0.001169277
0.006874029,0.059766764,0.001186692
0.007016341,0.059766764,0.00120458
0.007160049,0.059766764,0.001222953
0.007305172,0.059766764,0.001241825
0.007451733,0.059766764,0.001261213
0.007599751,0.059766764,0.001281128
0.00774925,0.059766764,0.001301588
0.007900251,0.059766764,0.001322607
0.008052778,0.059766764,0.0013442
0.008206853,0.059766764,0.001366383
0.0083625,0.059766764,0.001389173
0.00223,0.06122449,0.000764091
0.002330533,0.06122449,0.000770752
0.002431893,0.06122449,0.000777564
0.002534091,0.06122449,0.000784529
0.002637137,0.06122449,0.000791654
0.002741042,0.06122449,0.000798941
0.002845816,0.06122449,0.000806395
0.002951471,0.06122449,0.000814022
0.003058017,0.06122449,0.000821826
0.003165466,0.06122449,0.000829812
0.00327383,0.06122449,0.000837986
0.00338312,0.06122449,0.000846353
0.003493348,0.06122449,0.000854918
0.003604526,0.06122449,0.000863688
0.003716667,0.06122449,0.000872668
0.003829783,0.06122449,0.000881865
0.003943886,0.06122449,0.000891284
0.004058991,0.06122449,0.000900933
0.00417511,0.06122449,0.000910818
0.004292257,0.06122449,0.000920946
0.004410444,0.06122449,0.000931324
0.004529688,0.06122449,0.00094196
0.00465,0.06122449,0.000952862
0.004771396,0.06122449,0.000964037
0.004893891,0.06122449,0.000975493
0.0050175,0.06122449,0.000987239
0.005142237,0.06122449,0.000999284
0.005268119,0.06122449,0.001011637
0.005395161,0.06122449,0.001024306
0.00552338,0.06122449,0.001037302
0.005652791,0.06122449,0.001050633
0.005783411,0.06122449,0.00106431
0.005915258,0.06122449,0.001078344
0.006048349,0.06122449,0.001092745
0.006182701,0.06122449,0.001107523
0.006318333,0.06122449,0.001122691
0.006455263,0.06122449,0.001138259
0.00659351,0.06122449,0.00115424
0.006733092,0.06122449,0.001170645
0.006874029,0.06122449,0.001187488
0.007016341,0.06122449,0.00120478
0.007160049,0.06122449,0.001222535
0.007305172,0.06122449,0.001240766
0.007451733,0.06122449,0.001259487
0.007599751,0.06122449,0.001278711
0.00774925,0.06122449,0.001298454
0.007900251,0.06122449,0.00131873
0.008052778,0.06122449,0.001339553
0.008206853,0.06122449,0.001360938
0.0083625,0.06122449,0.001382901
0.00223,0.062682216,0.000776352
0.002330533,0.062682216,0.000782899
0.002431893,0.062682216,0.00078959
0.002534091,0.062682216,0.000796431
0.002637137,0.062682216,0.000803425
0.002741042,0.062682216,0.000810576
0.002845816,0.062682216,0.000817889
0.002951471,0.062682216,0.000825368
0.003058017,0.062682216,0.000833018
0.003165466,0.062682216,0.000840844
0.00327383,0.062682216,0.000848851
0.00338312,0.062682216,0.000857043
0.003493348,0.062682216,0.000865427
0.003604526,0.062682216,0.000874008
0.003716667,0.062682216,0.000882791
0.003829783,0.062682216,0.000891782
0.003943886,0.062682216,0.000900988
0.004058991,0.062682216,0.000910413
0.00417511,0.062682216,0.000920066
0.004292257,0.062682216,0.000929952
0.004410444,0.062682216,0.000940079
0.004529688,0.062682216,0.000950453
0.00465,0.062682216,0.000961081
0.004771396,0.062682216,0.000971971
0.004893891,0.062682216,0.000983132
0.0050175,0.062682216,0.00099457
0.005142237,0.062682216,0.001006294
0.005268119,0.062682216,0.001018312
0.005395161,0.062682216,0.001030633
0.00552338,0.062682216,0.001043267
0.005652791,0.062682216,0.001056222
0.005783411,0.062682216,0.001069508
0.005915258,0.062682216,0.001083134
0.006048349,0.062682216,0.001097111
0.006182701,0.062682216,0.001111449
0.006318333,0.062682216,0.001126158
0.006455263,0.062682216,0.00114125
0.00659351,0.062682216,0.001156736
0.006733092,0.062682216,0.001172627
0.006874029,0.062682216,0.001188935
0.007016341,0.062682216,0.001205673
0.007160049,0.062682216,0.001222852
0.007305172,0.062682216,0.001240485
0.007451733,0.062682216,0.001258586
0.007599751,0.062682216,0.001277167
0.00774925,0.062682216,0.001296242
0.007900251,0.062682216,0.001315826
0.008052778,0.062682216,0.001335932
0.008206853,0.062682216,0.001356574
0.0083625,0.062682216,0.001377769
0.00223,0.064139942,0.000788579
0.002330533,0.064139942,0.000795015
0.002431893,0.064139942,0.000801591
0.002534091,0.064139942,0.000808312
0.002637137,0.064139942,0.00081518
0.002741042,0.064139942,0.000822201
0.002845816,0.064139942,0.000829379
0.002951471,0.064139942,0.000836717
0.003058017,0.064139942,0.00084422
0.003165466,0.064139942,0.000851893
0.00327383,0.064139942,0.00085974
0.00338312,0.064139942,0.000867767
0.003493348,0.064139942,0.000875978
0.003604526,0.064139942,0.000884379
0.003716667,0.064139942,0.000892975
0.003829783,0.064139942,0.000901771
0.003943886,0.064139942,0.000910773
0.004058991,0.064139942,0.000919988
0.00417511,0.064139942,0.000929421
0.004292257,0.064139942,0.000939078
0.004410444,0.064139942,0.000948967
0.004529688,0.064139942,0.000959093
0.00465,0.064139942,0.000969463
0.004771396,0.064139942,0.000980085
0.004893891,0.064139942,0.000990967
0.0050175,0.064139942,0.001002114
0.005142237,0.064139942,0.001013536
0.005268119,0.064139942,0.00102524
0.005395161,0.064139942,0.001037235
0.00552338,0.064139942,0.001049529
0.005652791,0.064139942,0.00106213
0.005783411,0.064139942,0.001075048
0.005915258,0.064139942,0.001088293
0.006048349,0.064139942,0.001101873
0.006182701,0.064139942,0.001115798
0.006318333,0.064139942,0.001130079
0.006455263,0.064139942,0.001144725
0.00659351,0.064139942,0.001159748
0.006733092,0.064139942,0.001175159
0.006874029,0.064139942,0.001190968
0.007016341,0.064139942,0.001207187
0.007160049,0.064139942,0.001223829
0.007305172,0.064139942,0.001240904
0.007451733,0.064139942,0.001258426
0.007599751,0.064139942,0.001276407
0.00774925,0.064139942,0.00129486
0.007900251,0.064139942,0.001313798
0.008052778,0.064139942,0.001333235
0.008206853,0.064139942,0.001353185
0.0083625,0.064139942,0.001373662
0.00223,0.065597668,0.000800766
0.002330533,0.065597668,0.000807096
0.002431893,0.065597668,0.000813561
0.002534091,0.065597668,0.000820166
0.002637137,0.065597668,0.000826915
0.002741042,0.065597668,0.000833811
0.002845816,0.065597668,0.000840858
0.002951471,0.065597668,0.000848061
0.003058017,0.065597668,0.000855423
0.003165466,0.065597668,0.000862949
0.00327383,0.065597668,0.000870645
0.00338312,0.065597668,0.000878513
0.003493348,0.065597668,0.000886559
0.003604526,0.065597668,0.000894789
0.003716667,0.065597668,0.000903206
0.003829783,0.065597668,0.000911817
0.003943886,0.065597668,0.000920627
0.004058991,0.065597668,0.000929641
0.00417511,0.065597668,0.000938866
0.004292257,0.065597668,0.000948306
0.004410444,0.065597668,0.000957969
0.004529688,0.065597668,0.00096786
0.00465,0.065597668,0.000977987
0.004771396,0.065597668,0.000988356
0.004893891,0.065597668,0.000998973
0.0050175,0.065597668,0.001009847
0.005142237,0.065597668,0.001020984
0.005268119,0.065597668,0.001032392
0.005395161,0.065597668,0.001044079
0.00552338,0.065597668,0.001056053
0.005652791,0.065597668,0.001068322
0.005783411,0.065597668,0.001080895
0.005915258,0.065597668,0.00109378
0.006048349,0.065597668,0.001106988
0.006182701,0.065597668,0.001120526
0.006318333,0.065597668,0.001134404
0.006455263,0.065597668,0.001148633
0.00659351,0.065597668,0.001163223
0.006733092,0.065597668,0.001178183
0.006874029,0.065597668,0.001193525
0.007016341,0.065597668,0.001209259
0.007160049,0.065597668,0.001225398
0.007305172,0.065597668,0.001241951
0.007451733,0.065597668,0.001258932
0.007599751,0.065597668,0.001276352
0.00774925,0.065597668,0.001294223
0.007900251,0.065597668,0.001312559
0.008052778,0.065597668,0.001331371
0.008206853,0.065597668,0.001350675
0.0083625,0.065597668,0.001370482
0.00223,0.067055394,0.000812911
0.002330533,0.067055394,0.000819137
0.002431893,0.067055394,0.000825495
0.002534091,0.067055394,0.000831989
0.002637137,0.067055394,0.000838622
0.002741042,0.067055394,0.000845397
0.002845816,0.067055394,0.00085232
0.002951471,0.067055394,0.000859393
0.003058017,0.067055394,0.00086662
0.003165466,0.067055394,0.000874006
0.00327383,0.067055394,0.000881556
0.00338312,0.067055394,0.000889273
0.003493348,0.067055394,0.000897162
0.003604526,0.067055394,0.000905228
0.003716667,0.067055394,0.000913475
0.003829783,0.067055394,0.000921909
0.003943886,0.067055394,0.000930536
0.004058991,0.067055394,0.000939359
0.00417511,0.067055394,0.000948385
0.004292257,0.067055394,0.00095762
0.004410444,0.067055394,0.000967069
0.004529688,0.067055394,0.000976738
0.00465,0.067055394,0.000986633
0.004771396,0.067055394,0.000996762
0.004893891,0.067055394,0.00100713
0.0050175,0.067055394,0.001017745
0.005142237,0.067055394,0.001028613
0.005268119,0.067055394,0.001039741
0.005395161,0.067055394,0.001051138
0.00552338,0.067055394,0.00106281
0.005652791,0.067055394,0.001074766
0.005783411,0.067055394,0.001087013
0.005915258,0.067055394,0.001099561
0.006048349,0.067055394,0.001112417
0.006182701,0.067055394,0.001125591
0.006318333,0.067055394,0.001139092
0.006455263,0.067055394,0.001152929
0.00659351,0.067055394,0.001167111
0.006733092,0.067055394,0.001181649
0.006874029,0.067055394,0.001196553
0.007016341,0.067055394,0.001211832
0.007160049,0.067055394,0.001227499
0.007305172,0.067055394,0.001243564
0.007451733,0.067055394,0.001260037
0.007599751,0.067055394,0.001276932
0.00774925,0.067055394,0.001294259
0.007900251,0.067055394,0.00131203
0.008052778,0.067055394,0.001330259
0.008206853,0.067055394,0.001348957
0.0083625,0.067055394,0.001368137
0.00223,0.06851312,0.000825007
0.002330533,0.06851312,0.000831134
0.002431893,0.06851312,0.000837389
0.002534091,0.06851312,0.000843775
0.002637137,0.06851312,0.000850296
0.002741042,0.06851312,0.000856956
0.002845816,0.06851312,0.000863758
0.002951471,0.06851312,0.000870706
0.003058017,0.06851312,0.000877804
0.003165466,0.06851312,0.000885056
0.00327383,0.06851312,0.000892466
0.00338312,0.06851312,0.000900038
0.003493348,0.06851312,0.000907776
0.003604526,0.06851312,0.000915685
0.003716667,0.06851312,0.000923771
0.003829783,0.06851312,0.000932036
0.003943886,0.06851312,0.000940487
0.004058991,0.06851312,0.000949129
0.00417511,0.06851312,0.000957966
0.004292257,0.06851312,0.000967005
0.004410444,0.06851312,0.00097625
0.004529688,0.06851312,0.000985708
0.00465,0.06851312,0.000995384
0.004771396,0.06851312,0.001005285
0.004893891,0.06851312,0.001015417
0.0050175,0.06851312,0.001025786
0.005142237,0.06851312,0.001036399
0.005268119,0.06851312,0.001047263
0.005395161,0.06851312,0.001058385
0.00552338,0.06851312,0.001069772
0.005652791,0.06851312,0.001081432
0.005783411,0.06851312,0.001093373
0.005915258,0.06851312,0.001105602
0.006048349,0.06851312,0.001118128
0.006182701,0.06851312,0.001130959
0.006318333,0.06851312,0.001144103
0.006455263,0.06851312,0.001157571
0.00659351,0.06851312,0.00117137
0.006733092,0.06851312,0.001185511
0.006874029,0.06851312,0.001200003
0.007016341,0.06851312,0.001214855
0.007160049,0.06851312,0.001230079
0.007305172,0.06851312,0.001245685
0.007451733,0.06851312,0.001261683
0.007599751,0.06851312,0.001278084
0.00774925,0.06851312,0.001294901
0.007900251,0.06851312,0.001312143
0.008052778,0.06851312,0.001329824
0.008206853,0.06851312,0.001347955
0.0083625,0.06851312,0.001366549
0.00223,0.069970845,0.000837053
0.002330533,0.069970845,0.000843083
0.002431893,0.069970845,0.000849238
0.002534091,0.069970845,0.00085552
0.002637137,0.069970845,0.000861934
0.002741042,0.069970845,0.000868482
0.002845816,0.069970845,0.000875168
0.002951471,0.069970845,0.000881996
0.003058017,0.069970845,0.000888969
0.003165466,0.069970845,0.000896092
0.00327383,0.069970845,0.000903367
0.00338312,0.069970845,0.0009108
0.003493348,0.069970845,0.000918394
0.003604526,0.069970845,0.000926153
0.003716667,0.069970845,0.000934083
0.003829783,0.069970845,0.000942187
0.003943886,0.069970845,0.000950471
0.004058991,0.069970845,0.000958939
0.00417511,0.069970845,0.000967597
0.004292257,0.069970845,0.000976448
0.004410444,0.069970845,0.0009855
0.004529688,0.069970845,0.000994757
0.00465,0.069970845,0.001004224
0.004771396,0.069970845,0.001013909
0.004893891,0.069970845,0.001023816
0.0050175,0.069970845,0.001033952
0.005142237,0.069970845,0.001044323
0.005268119,0.069970845,0.001054937
0.005395161,0.069970845,0.001065799
0.00552338,0.069970845,0.001076916
0.005652791,0.069970845,0.001088296
0.005783411,0.069970845,0.001099946
0.005915258,0.069970845,0.001111874
0.006048349,0.069970845,0.001124088
0.006182701,0.069970845,0.001136595
0.006318333,0.069970845,0.001149404
0.006455263,0.069970845,0.001162523
0.00659351,0.069970845,0.001175962
0.006733092,0.069970845,0.001189728
0.006874029,0.069970845,0.001203832
0.007016341,0.069970845,0.001218283
0.007160049,0.069970845,0.00123309
0.007305172,0.069970845,0.001248264
0.007451733,0.069970845,0.001263815
0.007599751,0.069970845,0.001279754
0.00774925,0.069970845,0.00129609
0.007900251,0.069970845,0.001312836
0.008052778,0.069970845,0.001330003
0.008206853,0.069970845,0.001347601
0.0083625,0.069970845,0.001365644
0.00223,0.071428571,0.000849043
0.002330533,0.071428571,0.00085498
0.002431893,0.071428571,0.000861037
0.002534091,0.071428571,0.000867219
0.002637137,0.071428571,0.000873529
0.002741042,0.071428571,0.000879969
0.002845816,0.071428571,0.000886544
0.002951471,0.071428571,0.000893256
0.003058017,0.071428571,0.000900109
0.003165466,0.071428571,0.000907107
0.00327383,0.071428571,0.000914253
0.00338312,0.071428571,0.000921552
0.003493348,0.071428571,0.000929007
0.003604526,0.071428571,0.000936623
0.003716667,0.071428571,0.000944404
0.003829783,0.071428571,0.000952354
0.003943886,0.071428571,0.000960478
0.004058991,0.071428571,0.00096878
0.00417511,0.071428571,0.000977265
0.004292257,0.071428571,0.000985938
0.004410444,0.071428571,0.000994805
0.004529688,0.071428571,0.00100387
0.00465,0.071428571,0.001013139
0.004771396,0.071428571,0.001022617
0.004893891,0.071428571,0.001032311
0.0050175,0.071428571,0.001042225
0.005142237,0.071428571,0.001052367
0.005268119,0.071428571,0.001062742
0.005395161,0.071428571,0.001073357
0.00552338,0.071428571,0.001084219
0.005652791,0.071428571,0.001095334
0.005783411,0.071428571,0.001106709
0.005915258,0.071428571,0.001118352
0.006048349,0.071428571,0.00113027
0.006182701,0.071428571,0.001142471
0.006318333,0.071428571,0.001154963
0.006455263,0.071428571,0.001167753
0.00659351,0.071428571,0.001180851
0.006733092,0.071428571,0.001194264
0.006874029,0.071428571,0.001208003
0.007016341,0.071428571,0.001222074
0.007160049,0.071428571,0.001236489
0.007305172,0.071428571,0.001251257
0.007451733,0.071428571,0.001266387
0.007599751,0.071428571,0.001281889
0.00774925,0.071428571,0.001297774
0.007900251,0.071428571,0.001314053
0.008052778,0.071428571,0.001330736
0.008206853,0.071428571,0.001347834
0.0083625,0.071428571,0.001365359
